source_record_id,target_record_id,relationship_type
7471e082-8a2d-59da-8a3c-9ab562af66d3,7d0fb8a5-bcad-5213-89a6-2fc7f2e4ba30,CLASSIFIES
043814c5-cc13-5ebe-8e42-555b345dcb19,43b3350f-6cef-5e3e-814a-4f5fc057f07e,CLASSIFIES
37fafd2a-addc-5daa-89df-29bcde929ace,93679234-8374-5f2c-8cf7-f4ad5829d2b6,CLASSIFIES
f7275e53-4d3e-530c-8574-04fd0b134e27,bc8f46ff-1da7-5d14-8fde-232daba61325,CLASSIFIES
ea3ed0d3-00bc-5d22-8483-4595cc561700,e77e1682-17b9-5f2b-8749-43f3f4004f39,CLASSIFIES
5eab3d39-0d10-5c91-835f-07682a09f12a,585fa67e-7080-562a-8798-77877a7235ce,CLASSIFIES
e8d64717-51aa-539c-8d7c-4b2b0a8a6912,7957ae01-bf91-5dc8-8113-92085047a948,CLASSIFIES
1d5749db-3ca0-5d99-8a64-0e50a9e9adf8,4fbf530b-93db-5368-88ec-ff137bb4cd31,CLASSIFIES
7f3ffa54-9346-5719-8764-b4e87fe2a82d,9959e390-6946-5c3f-82ed-d7fa15bfec8b,CLASSIFIES
710c2cbf-9582-51b0-8613-9bc95ca14fbf,2209c768-0dc0-50c8-8443-d7386dac81f7,CLASSIFIES
2c483dcd-ad24-554f-8e2a-271d821c6445,4230533e-aa97-5d54-8819-84d8fdb174a0,CLASSIFIES
c0ad07c3-c0bc-5f28-8b86-2674e4693ed4,6a3e7c5f-37d9-53ae-8fc3-1a21132861c0,CLASSIFIES
571f96d4-bd2a-5d43-82bc-455cc7a83275,11504c2f-359c-56c9-8936-482c375230a2,CLASSIFIES
499460c2-27cd-5721-835c-bd65e08c9c76,0310cb27-ae6d-58d8-85a4-cba2ed90cd4d,CLASSIFIES
302f8f36-42f3-5840-8751-90e25a6ed6b7,d7d9574b-49bd-51c9-857d-9065a1f3d55d,CLASSIFIES
2b37e381-677d-5d38-8ace-17c6a7d57baa,af2cf42e-d4ae-5ea2-8666-46f3a1122795,CLASSIFIES
77677ed7-fac9-55d5-8d48-0e632bd261f0,dbbcc476-ff44-57b9-8769-15d82c2879c8,CLASSIFIES
ce8492d0-423e-54ed-8b36-d98ab4abeab3,aa1a8a7a-c0be-50f1-86fe-e2924e18c761,CLASSIFIES
8e5935fa-e966-546c-89bd-589a100f31c8,b88e0fe8-49e9-5b41-86dc-a937419cfdf6,CLASSIFIES
e747cef2-9f2b-5343-8b96-e47ae243e1f3,3219d03b-be9e-50be-8699-80cf94233351,CLASSIFIES
fda3556b-e72a-5b72-8824-e506d2ccb52d,16fc6c09-bbb2-5c7f-83d2-ed9c29bdf6cb,CLASSIFIES
5c06f4df-419f-50a5-8a93-c387752e76b3,34f38714-80dc-5785-8d85-82977e369f6e,CLASSIFIES
ab01725b-558a-5212-8369-ea9808660755,0a6a920d-7514-558a-8d43-5ab5c803effd,CLASSIFIES
74ac6f70-ceed-5d5b-84b2-68261e83e3aa,f39b90f9-bde5-5b27-8277-d3519e473fda,CLASSIFIES
4fbdf7f1-a458-57ce-895e-672ef26519c0,eb033593-1776-56e8-8e39-6496615f1d6e,CLASSIFIES
aa4ca49a-eeab-5f46-8031-db27641492cc,0cc8daf8-bf0a-5093-83f8-d6ce692e120a,CLASSIFIES
3aa012fa-3e03-50b7-875d-ca30f1890fc1,347a5d63-b874-5362-800d-892d87b2cb62,CLASSIFIES
ef3a477c-4577-594d-8561-5860a63faad1,63569e55-7dae-53be-8306-b0857ec16720,CLASSIFIES
a66d92a8-6c72-55f4-815f-47a2bb34ca54,207cc95f-889f-51c5-8fc0-fd75005d8169,CLASSIFIES
033a0dd8-b0d4-597b-8125-9b6f02feaa6e,f2ad2ab9-d231-588f-8b9b-9bfcefe9f1df,CLASSIFIES
baa6277f-0878-5516-8988-14c7953bfcb3,b88bc1e6-262a-5119-8159-edf4f49de06c,CLASSIFIES
e6f083b9-2b66-55e8-83a5-d679094880c6,9634475e-37d3-547d-8437-efd3ff3951e3,CLASSIFIES
4d71bb29-60b1-542f-8358-aa8e2c1c3d4a,dc8086e0-65ae-5393-882f-c5087ee367a7,CLASSIFIES
18fb19ea-d05b-5c55-8988-0a82e5672660,a04ac631-5b9e-5c05-8d7a-571fa577abd1,CLASSIFIES
5636ed7f-611f-5643-81f3-c389b7cb6569,1867417a-9096-578b-84f4-c8aee87ae568,CLASSIFIES
0374f593-f6a4-5ecb-8a1e-a7ccac5c1fe4,b0b29cac-c29e-57bd-81fc-df35251d3a5b,CLASSIFIES
68981204-d84e-54cb-819c-64e59fd82758,d3bb4dda-cb18-5fd6-8205-b3cf0ca390c8,CLASSIFIES
e8aef633-58b4-5fed-823a-6d3369e9c2c0,e340d0a5-9209-5bff-8522-b6bae9a21390,CLASSIFIES
8c7ef1c1-9f38-58ef-8397-b908da61f9b6,b4966de2-e751-5e4a-8c49-56bc0806d3a5,CLASSIFIES
6af1e3a2-5a75-560b-83e0-9139e1c75cf4,a299b497-8a9b-57df-811c-109ef002671d,CLASSIFIES
3755cf60-63df-5230-892d-830053042377,dfe656e7-b827-5c7a-8663-703c254d9af6,CLASSIFIES
0551f008-833c-5108-87b9-f3add4e32910,dfcc0f29-ba1c-51cb-8a9b-c671c62c9301,CLASSIFIES
ad446212-4ceb-5b3f-82e8-6757af09d6ad,cd7aeb0f-bc37-5457-8ec6-40393cc62554,CLASSIFIES
a7beae3f-722b-5db6-8414-35c8360f8f4d,83ada8ee-1135-52d0-8bb8-61edac8291a2,CLASSIFIES
d28d7245-7112-502a-815c-2c0ac4f5416b,ec73b1c7-2033-550c-84b1-7f1ca60d1588,CLASSIFIES
9390254a-855b-54b8-84dd-c216dcf3ff6c,3cfcd9ae-d7a8-5d08-805e-0785fd2d0636,CLASSIFIES
5a325d66-1c41-5fb2-8c9a-4823a6c60750,7365ae59-562e-59ad-830a-df1b58178972,CLASSIFIES
930fbe4a-07bf-5d6a-8fa2-a06cda4a08c1,5a5bd388-5980-55c1-8a19-4aad7890e40e,CLASSIFIES
7e085d1d-9276-509f-89e7-cd3945c31eef,46261313-9491-5e6a-8e3d-49b57533dffd,CLASSIFIES
60cb5ec4-de76-55ef-8cd4-e33c8a8cb850,cad44f64-dee9-545a-847b-018d1a7893c8,CLASSIFIES
940b6882-1298-5aa6-8932-27bf859fc72c,d26ebab3-dbc0-50d9-8e3d-27481eb0c2c5,CLASSIFIES
09531c52-f050-5dd9-8253-96272757536a,17e90d99-074c-5ee3-8b7c-ef04deeff608,CLASSIFIES
80abc160-e944-56c7-8cf7-78cd5e63946c,582eb67c-1c1d-584e-8745-7084550f31fb,CLASSIFIES
e0d5b593-25bc-58fa-8b30-0ee631e17d72,868ad9c1-3af5-5e61-8a78-78e4bf40f9b7,CLASSIFIES
33207498-b6ad-5b5a-892c-2cd1c4efc216,9592df58-8109-5cbf-8cb3-8d7ff1332e4b,CLASSIFIES
aff1aeb4-f2ca-5464-8997-4fa2be81fdeb,fa5eb197-b279-5a35-83a4-829fda3ac7df,CLASSIFIES
e0a84b93-8a2a-59de-87f7-d0501df7ce71,2016ce07-5d27-5e36-840e-241fcf0bc9e5,CLASSIFIES
970ba487-fd19-562a-8196-3e849148e6ec,b631b8d4-e245-5330-8d3e-5532a1e3f574,CLASSIFIES
4c4adb68-1509-5a0a-8fef-784262c53d0f,c1e2c819-c18e-5c32-8059-1dd4e2aabe5d,CLASSIFIES
2c9731df-94f0-5279-8d56-11679568728b,e56df48b-5590-52e5-8df6-5a0f6ea605d1,CLASSIFIES
e24ff643-5b47-51c8-8bdf-b1b26a727df1,9688c3d1-1c9a-54a7-8fe7-cd02cee0dcc2,CLASSIFIES
6850fd1a-6028-5605-8fe1-74e1c8f06b1a,daf240fa-c762-5d72-8dd1-95a3bee10312,CLASSIFIES
205da1f4-88b9-5aeb-8c39-bbe9dbc3626e,2025f05e-c362-5907-8fb8-aa17404e22e6,CLASSIFIES
cdb98838-9ea6-5784-8685-8dc33bedce22,04f4d4cf-4adb-5817-8798-9530c5ab814f,CLASSIFIES
84811356-690c-5be6-8b52-26821e29999b,30a63b38-48fb-527e-8a2d-00bd910273d3,CLASSIFIES
8c5dad45-663d-5f6f-858a-01a9a149138c,4206d82e-aec7-50d5-8b8e-efe236701702,CLASSIFIES
97be2ba9-cff7-58bc-889f-cab307de0e84,9f857d00-60a1-5a89-82f6-375400d3b74d,CLASSIFIES
8792e523-b027-59bc-8bc1-9fd44c6fece3,36db3e2b-b508-5990-8fc0-3ec733941f9b,CLASSIFIES
54414e03-e61d-515b-8f93-a2dad1270bd2,099a2297-0668-557a-821e-70b90f91e39b,CLASSIFIES
d96e7cef-12ed-5d79-81ca-fce105869beb,338c82fd-bf29-5a23-838b-fca7f872a918,CLASSIFIES
3b7129f6-dabe-57a5-8f79-808717b78e30,53e916f8-a9d3-521b-8ffe-f046029943c4,CLASSIFIES
9386393f-9799-55b9-8343-13d2a327300a,8f9343d6-431a-543e-8f22-e553da4f1815,CLASSIFIES
9fd3feb6-2ae0-5258-8312-28a9a39ede5a,d26ebab3-dbc0-50d9-8e3d-27481eb0c2c5,CLASSIFIES
8d4e4d56-2132-51ad-8616-eec347f6cb3d,868ad9c1-3af5-5e61-8a78-78e4bf40f9b7,CLASSIFIES
89e3b607-2b41-5f7c-8c6d-1765ebafa270,053bbcef-5e35-53a4-8e36-afc038093b22,CLASSIFIES
cf48e228-2b9a-51b9-8439-2e288f1a54e4,1fa748fc-a08b-5ce6-8acc-3f66099fc5ac,CLASSIFIES
5d5cbf73-1fea-5e68-850d-19826b3f712f,0061cde4-525c-54a2-8b1b-4dc01b134726,CLASSIFIES
bbb1207a-6736-51d4-8179-914a4a7463e3,78256191-4281-5a57-82c2-93416bfdb6d5,CLASSIFIES
108ec837-1842-54c8-898e-83586b2ec304,2a801825-abae-5d5e-8e78-24701c1fa40d,CLASSIFIES
63854453-bfa4-534d-8c61-2e5244954408,608d3c30-a1ad-5778-8c8e-18ec45e103e0,CLASSIFIES
463b0deb-43dd-5e38-81da-459fdc7978fd,52cfeefe-ebe5-5da3-8be5-c17b9cf67f77,CLASSIFIES
66d55844-d488-54fc-84e8-fab286d159d6,b773e6b6-1fae-54a4-8763-75399def2160,CLASSIFIES
642b6f16-8712-5bf3-89ba-dfa53edf6a87,57e9e74d-9fe7-53f1-8c57-3dbafe821671,CLASSIFIES
43146365-4f7f-52d4-8b33-c4d1b94c3340,01494023-9e99-5435-8f40-791eca42d815,CLASSIFIES
f552a752-f322-5bf6-8158-76eedd74f900,65dbbade-fef4-5afd-81ab-708905ffecb1,CLASSIFIES
aedc7646-ed56-51ef-8a2a-8a82b74228d5,9cc01029-b071-5b56-8b83-235f65160183,CLASSIFIES
e801ac42-858c-5494-8844-bb0db1fc305f,380f0843-d5a8-5e0d-8915-49a1d4b811b0,CLASSIFIES
544b5dd2-f74e-534b-8a29-a4a66c8b86ad,befc0cf6-5d26-561c-8923-a6d51ac486dd,CLASSIFIES
a9b45a9b-0291-55ce-8736-860e4a895e1a,4911d159-4c71-5810-89da-72a08e8451d1,CLASSIFIES
3d018ad8-3c6c-529c-8b56-0122f21991d3,78e29f93-a952-5701-8214-8b449c382f9e,CLASSIFIES
27f39d88-ab7a-5d88-8332-b02f368efbc6,2a1dc03e-b887-56c3-86b3-6c406a640f10,CLASSIFIES
e64fc562-3a89-53dd-839a-b94034dc19fe,c7c383bf-8751-515b-8972-01708bd42247,CLASSIFIES
2029b268-a28e-5e9d-8ba8-d7ea04d1ca94,43f054d8-29d7-5421-883b-8039763dae4e,CLASSIFIES
556e85dd-a5ca-531b-8949-b34c90e78168,4d1ad9e3-88b3-5c6c-8fe7-e9855e624afc,CLASSIFIES
9b6bf3c4-c5ab-5de3-845b-7a13b512d9a7,4258efce-56f0-5d9e-8a50-523f7b44d93d,CLASSIFIES
7595dcbf-aa3a-5c4d-844b-a057301ad832,459b2ee1-dd5f-5bdd-8b38-8d7118ad4f7c,CLASSIFIES
db87f24b-7cd1-504d-8b38-ac0aa9606f0a,82b0ca1c-80be-50dd-8aca-c79ed761def3,CLASSIFIES
f49944aa-6796-524a-8cad-0d91fa2f689f,94438b40-e8b9-5f57-86fe-76f22a87896f,CLASSIFIES
3a44c6a0-9f76-5a31-8565-09e3af78d017,3522b75c-021d-5ede-8344-c6e278dac542,CLASSIFIES
f902d708-a398-5429-8b36-dc7024955df5,88429e4c-47c7-5cda-8e98-d1b8188374bb,CLASSIFIES
ad110e34-47ed-51be-8993-cd1bdee2c5c4,394bf1a8-8c3b-5622-8670-7c453a1e241a,CLASSIFIES
e6a948de-c7c8-51bc-809c-9c3c43a6023f,b8cca59d-e803-5f0d-8934-3fcf2271b128,CLASSIFIES
9bef8c58-85a3-53e3-8645-72dc0b6e5946,7509d44e-8ed6-553a-8198-738f6f36e838,CLASSIFIES
a45faf55-cd93-5653-8dd1-558fd5c1ff09,8b790087-01d5-583c-8cf3-ba69d0ee7f83,CLASSIFIES
39c60d41-612a-5b66-8da3-0769edfb5589,27fbbe85-6f09-5e58-85d4-50d89a31a303,CLASSIFIES
04f4cab8-0f1f-5887-8802-651bf035fb73,bfeb1f79-0fcf-5fea-8e9a-30f5a562c248,CLASSIFIES
df372f3c-f6bc-5d63-8924-0a855e29fe8b,3affdc5b-3b06-5e20-88ed-185cf7d5c514,CLASSIFIES
ebfd6c88-7d59-5845-87ed-72321e3f150d,a5542942-fcc1-566a-892a-404e1ba774e9,CLASSIFIES
71481ec4-a3b5-5c0c-8c61-c41ea2ee76eb,3a4d2c3c-4242-51e2-8aca-d25479c94999,CLASSIFIES
935170e5-a485-57e3-821d-4dd3c3df482f,f6b7f771-795b-5d14-8583-b12426d930d4,CLASSIFIES
15cee9ad-4fc7-5776-8b32-e6445d57b058,6dc2718d-fd04-58ba-8089-65803791e234,CLASSIFIES
f8bc7a6f-15ac-58bd-88d2-6bb389e2c769,b508262d-1b6b-53ea-8a84-672971387e51,CLASSIFIES
4243d0d2-d7ee-513f-8f54-063b8a98c06b,bf5d7fd8-6b09-5ca8-8702-8204458df150,CLASSIFIES
33903669-3298-5b54-8462-bb96b32a29a0,40156ca4-595a-515d-87cf-7f9934f32933,CLASSIFIES
e21ebdcd-b7fd-5039-881a-2a0283e80e8d,221c5bff-2fee-51d2-8bf6-906d4ea8c922,CLASSIFIES
e3562e02-91c0-5a81-89a5-864fe5024174,67214fdf-b6c1-59b5-85dd-02b260330c25,CLASSIFIES
01f2bfa6-ce00-5d92-85ed-55458fce2af4,29d3bbab-2648-5bc4-8740-54f3c118cfa0,CLASSIFIES
a1ca92fa-6f42-5875-81fc-a9df76d03337,23bec9a5-7a51-5083-8a98-c107bed24dc1,CLASSIFIES
1d7a112b-4203-58b4-821f-88924246e109,ec051b5b-6cf5-59ae-81e1-d0ad6e9a4c33,CLASSIFIES
b9d313ab-17fe-54cf-846f-a7f19318b2a8,c3949370-eb5b-53a4-8d05-18116ca99dd1,CLASSIFIES
9ea18309-17fc-5ef8-8ea6-738c35c8fe98,da619d85-4880-568f-80bd-ca92765cc8b0,CLASSIFIES
5549853d-c458-52b0-8dd7-3402928d2c53,2c5dbcae-d92c-53da-89ed-f1664b3e07da,CLASSIFIES
3cc43279-ac2a-52c5-870f-b5d55770b44e,bd5819bb-d7f2-599a-891e-29dc2464194f,CLASSIFIES
8d2e0703-ed5a-5a88-8639-9d49d58ec6b5,f6faab20-8b29-5b89-8f61-6fd53e05bd6c,CLASSIFIES
fe20a7a4-508c-50b4-8946-ee5600cd11af,28cb634e-7df6-50a0-847e-5a026fe312e1,CLASSIFIES
f6c4b057-4763-5195-8ebe-16984a3da2c1,74d5ae49-cb0a-5439-8104-1d30ebd0a9ba,CLASSIFIES
ee7b39f7-ab70-5ab0-80fb-c914a4090eb6,9bbcd3d3-87e9-5896-8c24-8596c415a427,CLASSIFIES
8817ec2f-c51d-502c-8863-151aaf584988,45576cce-6a61-53cb-85cf-663d3b560372,CLASSIFIES
c02986d3-20d3-5cfd-849d-b71585b5004f,1fed0ac6-6590-5151-8635-da6322dd0346,CLASSIFIES
4446edfc-216a-5ae7-8a91-78d5e76c34eb,bf2c9e09-fbcb-51a0-8ecd-2b23281e3237,CLASSIFIES
911d4949-f999-55d4-80dc-dcf090a4b2cf,82edc600-830f-590d-8c22-7604518a92f1,CLASSIFIES
4a9a04a8-aaec-51aa-8b12-0ee4c586fa60,57fcca86-3ecb-55ba-8dfb-c37792604be9,CLASSIFIES
f9e3a6f9-c24c-528f-8ff9-51a4421afc74,80cbb557-4786-5fe1-8d52-dadeca70bc98,CLASSIFIES
01bf558e-c487-57d7-843b-29356f146353,542057d9-7430-5601-8467-03499f16b0c6,CLASSIFIES
794aeceb-1084-5442-8db1-a2aea6b88bc5,82abe9e2-4f39-5164-808f-fb91353c9de7,CLASSIFIES
1ffc01df-7bd9-5714-83be-a0e6e97785c2,9af64229-9b9d-5b07-8ceb-6dc7f6d7e11a,CLASSIFIES
d40594d3-9187-5e3e-8265-58baba7eadc4,f6a3e4ee-488b-56c0-8b12-bb0da188de8a,CLASSIFIES
e8e4e409-639d-50fa-8445-65d552d29f37,52042a56-96a9-55c4-89f2-b7407ba80752,CLASSIFIES
af7388ff-a54f-551c-827a-5b6c5dcafccc,3cbbf57c-6498-55fa-86fe-bd50fabd5ed6,CLASSIFIES
79354fbf-45b9-56fa-81d6-9237503101c9,75a2482a-2a4c-5048-8310-3b1cf8c8ebee,CLASSIFIES
132d2fc1-f580-54e0-8439-b877be4b9ace,df1b3874-8813-5fcf-8c41-9ef210ec236f,CLASSIFIES
70d751d4-b630-54e4-8e18-2d8a33ad8208,a9fb6123-56e6-5305-883a-81dbd6d5423d,CLASSIFIES
7abbbae9-0840-578c-8de0-97fe6250b200,6a98cbd8-7241-5a23-8689-05b415631ccc,CLASSIFIES
9fb7041d-f455-588c-83e6-79cdde323012,4c4e2f20-2d7d-512e-8350-c2ed2ed424e2,CLASSIFIES
1a089575-4d18-5401-892a-2effad5df9ee,308c16ef-8ee9-535f-8c0a-77c887844a57,CLASSIFIES
33a863ee-6ec3-54d3-8bb4-97e6b8151007,ca2b36df-f144-5c05-8e15-60f56f3888fc,CLASSIFIES
cc645ed3-4bc0-511f-89b6-d319ef6cd330,582dfaf3-9b33-5ab5-8086-bd77bcd90237,CLASSIFIES
8e1535dc-7ce4-5492-8970-0dfcd1a26909,4f862f8b-944a-584b-89b3-2ba916951671,CLASSIFIES
4d755dfd-e11c-518b-808e-f8399e5a069b,96f57941-676f-5b6a-816d-ecb648f508f4,CLASSIFIES
a25921a1-492f-5a9b-8e55-17b63d66586c,971dc03d-aee5-598f-8b97-f42f6fdda99c,CLASSIFIES
b191dd96-7a0e-5561-8538-864f0ecbacef,c99e8ed3-9c62-5107-8973-2e908d8576ee,CLASSIFIES
9317b2bb-56c0-52be-8337-86ffbc5185e9,dba7b726-3101-561c-8e01-07fb5cceb2af,CLASSIFIES
0c10cbda-bec2-50c1-8a4e-c7cb2df448bf,0535067a-3b27-5800-8b66-842ce420a56d,CLASSIFIES
3e3781f7-896f-5e27-8356-d6299e801fd0,053bbcef-5e35-53a4-8e36-afc038093b22,CLASSIFIES
e90e272d-5daf-5d04-8b3c-04d747bb718b,1fa748fc-a08b-5ce6-8acc-3f66099fc5ac,CLASSIFIES
904750f7-f65c-51a6-83ea-bcee8e13f56a,da5b09df-d3e7-504c-8e0f-5e9b43327fd5,CLASSIFIES
371bc25f-3851-5ec7-83c7-261e43779f30,7d2b5473-5252-5e40-8a7d-088738e0e524,CLASSIFIES
311be0d0-93b0-5779-83b0-0939871bb744,e3f2c144-7df5-5795-8efc-168e0716fd9a,CLASSIFIES
86564579-efa0-57b9-81b7-852318bce1d0,236c4575-7c7f-5e4c-87e6-d2ad0121a397,CLASSIFIES
fad0db6e-2dc1-5b8c-859e-050c2f587b80,b9b9f1e4-8046-5913-857c-0a631cc1a092,CLASSIFIES
1c65e15a-61f5-550d-8bca-8ee04c9a239a,3254f2b1-cc14-5679-8286-830858f6f312,CLASSIFIES
34da503c-c58b-527f-8d5b-5a8cc714952b,6b78b199-2c41-5b70-8ef3-20bc9e5993ff,CLASSIFIES
8861b41d-4c9d-55f5-8e73-3e9ad941a400,71a89fce-e303-5677-8c0d-8932e0b70178,CLASSIFIES
34b8f0af-1a5b-5d36-8568-8390551ca001,183800c3-d089-5d67-8e60-6956c817014e,CLASSIFIES
144ed838-008e-52ad-8d84-d50f1797cfef,5f121f40-c20a-5c73-8b53-ea853e341321,CLASSIFIES
b0a68600-1665-5363-8535-e5710309379d,f16afb55-2368-5a83-806c-9352137a17bb,CLASSIFIES
519c8015-6830-52ce-8ca4-07980ea1240e,6d699b29-f554-55d6-83c4-faaa6d4a1b8e,CLASSIFIES
88da628f-4702-518d-8881-455a91c7891b,c504435d-c05f-52e3-81d5-8e3a9c6694a0,CLASSIFIES
23bc324f-97fd-5943-87cd-503b483bbc45,4377dda7-50ba-5f45-8def-7ae20e655341,CLASSIFIES
d3f25f86-55f1-5242-83bd-fbc05dcdb4a0,e3077093-ebc5-52ac-80fe-19bbfb62155e,CLASSIFIES
61163dff-d248-5de6-8e69-1293d8715ce6,d6574faf-451d-57f6-8a91-26fee9f79774,CLASSIFIES
464a1c62-50fb-5ce4-83a5-88ddb877910e,77ec0d82-e159-55de-852d-f32fdc1ba663,CLASSIFIES
be397889-ea1f-5c5e-8a66-393834b2cb7c,a4c73138-a548-5ac4-8aaa-056628f46abe,CLASSIFIES
83ce05e3-1e81-574a-8b6b-37659c3178a5,ddc98f06-6284-50fa-8b6f-05fce79f3d54,CLASSIFIES
76729834-4357-59ef-805d-8b2a44d5bc92,0f02a851-b17d-5bd5-8c17-cc6d9e770cb2,CLASSIFIES
b8637d66-d477-51e4-8f3f-55d64b04fd6e,6e85c775-4f63-5c45-8c26-e9adfcf1fdcf,CLASSIFIES
a9ed24ee-6deb-5eb1-827f-cced3e61d02d,bfedd4a2-2f99-52de-8b15-359747b2b85a,CLASSIFIES
d3c6e5e3-af6d-57ee-8878-cd7c6004f150,d4ebc74b-89ab-5b38-85d3-5074e2d25874,CLASSIFIES
b7ab81c9-96a6-5d5a-8ad2-30723805b766,dcbc579c-5e8b-535b-8de9-5fbd974e9816,CLASSIFIES
80194499-b4c1-5ebb-8325-0b7ddb495dc0,ab818966-fc6c-5b90-876c-4941982d3546,CLASSIFIES
23a380ad-d766-5de0-809f-21c85246803a,9a690ed2-8f4e-5867-8002-80c1c9679742,CLASSIFIES
da47f955-e86e-5357-8145-6eac8fdf5167,dae0acfb-3fd5-51bf-87e4-a9b10b27a647,CLASSIFIES
45cf7a9f-a1ef-5bf7-8cc4-5c6cab3216e3,a3e59178-9f88-5374-8948-dc4a7943abec,CLASSIFIES
70eca604-01bf-5a74-85b4-4b8ea12e80bb,d23e9991-96a0-5cbe-86d6-50fd077e446e,CLASSIFIES
cb8afc00-4d0f-522f-82b5-8c81af6d2452,68a1ce57-0681-5744-81ee-547f455dfe21,CLASSIFIES
c6eb26d7-f139-5380-89be-58c6e0c58bba,4292c561-8a8a-5d0a-89cf-b4f29e64af2a,CLASSIFIES
43f35dda-5d3d-5f89-8cfc-2e210f8a1361,2516e6a3-51fe-5d1a-8595-9766ec5dc2a1,CLASSIFIES
27e3d08d-a26b-5411-8100-a6ba2f40ebfd,cd743bdb-7b44-5ecb-8861-e391d3db8da1,CLASSIFIES
97387e28-4e8d-54b5-8150-3bf988b970d8,d043719a-0885-5b4d-804b-6dad12f723be,CLASSIFIES
0034909b-eadb-5fc3-8d0a-6c60ac03b169,e0f4efb7-9b98-55d5-85a3-5f2bc164c319,CLASSIFIES
8893f090-0a85-589c-872d-21702eabbfaf,f2ece0c6-bdf1-59d7-8265-59bc06bd8037,CLASSIFIES
c2c3f837-4786-50c6-8ac2-07224ce26df0,deecf635-abb9-52a9-81ee-12db22588e56,CLASSIFIES
ae4426c8-d311-53d2-8981-0e13f4a3de16,5482bcc6-a0b4-556f-8a7b-8a0244b3b43f,CLASSIFIES
3d89a8e3-d989-58d3-8652-a09627c45008,2e2f6b36-8de3-5bd7-8bcb-5965b739d091,CLASSIFIES
ff63db7b-c34a-5d01-8f18-a89f0268a181,1119e447-a1f5-5f67-84b0-cc067ebde4de,CLASSIFIES
fa58d037-6ec9-54f2-8777-7d4b546e3d48,d3f72195-e297-5640-88eb-eee6514eb599,CLASSIFIES
4e507576-242d-5f07-8d69-07adfe51912f,15feb7dd-1c33-5b4c-8291-c063510e8283,CLASSIFIES
4fd1d125-7847-5d98-831c-08333f304750,bd409742-17e2-50de-8cf8-6f7618c2040a,CLASSIFIES
c6d2f104-9a70-5e6d-8a80-da563592d783,c3f71cef-788b-5086-8c95-e2e632c397a6,CLASSIFIES
30775eb2-81aa-50dd-8029-ebeeb7c610a2,ddac69e2-16ec-527c-89d0-6a3a23231e68,CLASSIFIES
f0914fbf-9592-54b7-8175-446f08df568d,b4e2d2db-9389-525e-89fb-45f44c658653,CLASSIFIES
2bc19780-a900-59fb-8dd1-9120c164d6cd,198d040f-f2ef-57a5-8f06-a5dfebd9e90b,CLASSIFIES
79f0dfd0-b073-5f17-81d6-bcc115119cd9,7689ac82-4752-5d03-8cf7-72565fe50bfd,CLASSIFIES
b559c655-5cea-58f1-85f5-93328e6eaf4a,a9fc4a99-ce85-530b-84de-9850a7c6e7a1,CLASSIFIES
58f50f04-3486-58c8-87e4-6371e0ffc77f,d98a4c8e-e868-5f52-8f62-d2f9a2de66cc,CLASSIFIES
abee5f9d-7d3a-5ac2-8ecd-105aca3183ec,e685b0c3-9f00-5d58-86d4-3cba7ac41614,CLASSIFIES
4f60f4d8-82cc-5bd8-8386-a6f0e9c1607f,4adb2800-7437-5512-8ace-7eb4a95b70c9,CLASSIFIES
0a34095c-6915-5c25-886a-9b7a368173be,ec1352bf-379b-54b0-86e2-3efeb238ca6f,CLASSIFIES
79d07c25-007b-5625-877d-2627636caecf,527e876f-376d-5a97-8402-e895e892d37e,CLASSIFIES
f5ee3930-9fa0-56a8-81c2-01e913900bb1,42b83cb1-926a-5d97-856f-b2a12348948e,CLASSIFIES
32e3141b-c71b-5646-8802-f1933d74d90e,db54daea-59b9-5d24-8c93-d5f6affae185,CLASSIFIES
dd6626a9-ef31-53ef-8591-444733478880,daf240fa-c762-5d72-8dd1-95a3bee10312,CLASSIFIES
dc47f685-d2ca-5c66-8737-f11cc31dd7c9,01b9d411-557c-5e57-8a91-e59363fae79e,CLASSIFIES
c3da0296-de39-52ec-8756-8aad50cceece,efe84662-61c3-50a8-8425-61751721045a,CLASSIFIES
cf0cda49-41a5-557a-8a9c-d4936c531a43,75f550a2-2672-5e74-8cfb-dec1c39a0d5b,CLASSIFIES
b67bb523-70ba-5ab0-8345-2f1bcf8ace61,fd9d5195-d896-5785-84f0-97eeeeae68ae,CLASSIFIES
9ff9fedf-c685-596e-87b8-d497915f5273,fc1ddd54-9535-5dba-8d96-3d20ce88a6b0,CLASSIFIES
edd88705-949e-5f25-8aed-5045285ca6ea,e11d23e8-cf94-5fa1-849c-928bdecb3e65,CLASSIFIES
0356f5ae-926e-5a2c-8df3-98305290b09b,aa15e88e-1c48-53c8-8949-bca45b71efcf,CLASSIFIES
73976f39-d386-5f80-8413-680a76a41731,bbcbf20b-25bf-50ff-896c-b40616fede61,CLASSIFIES
5c63dc0a-5cbf-5ae5-8c3a-bbe5ff1e2863,137f186d-b26c-526d-8a75-0aeae344e5f1,CLASSIFIES
9629d654-6e28-5ab2-8e38-2672e61a27f3,0dbf39cd-bd72-5143-8b47-88a36c7c75d8,CLASSIFIES
39e6fc9b-9d6b-5ef6-876e-22c778b094dc,53160802-08a2-5892-8f33-81d457b72b98,CLASSIFIES
e5adbcd4-a882-5ea2-80f4-bc750f58cdeb,bb30a11d-4b7f-5c3e-81dc-38b15601e6bf,CLASSIFIES
cf167c1d-6713-5abe-8bab-4a354b25c64a,0b7a5d19-60b4-5546-8e04-a624127c6e8c,CLASSIFIES
2dd377e1-b81b-5a69-804c-bb71c64f3eea,663a5e3f-3f4b-5ac4-8ea7-f55e50459299,CLASSIFIES
9597df0e-4492-52a7-88ee-8c7e870ecaeb,8da6657e-13bf-5245-8763-2eb9837ecbce,CLASSIFIES
af91867c-4578-5c0a-85a6-7844019bb2d9,7071fb40-9d95-561a-83f3-5dc8e1c5a437,CLASSIFIES
dbf57fd8-ebd4-582a-8a94-0e3a99440460,59dad013-9417-59dc-8209-25bfd0847263,CLASSIFIES
946c24cb-c0d2-5347-872e-8377b01620e5,625067d9-3b89-5eb6-89f5-c3bb781f8cad,CLASSIFIES
d69431e5-35d5-5f6a-80ec-019528261d7d,255a405a-1afc-54ff-8010-f0ee6cf80205,CLASSIFIES
36e8aadc-685c-5713-8b25-46c366c848c9,a1f61cde-f610-52b3-85c9-ed20cae879d8,CLASSIFIES
f4836b4c-6c45-5ed3-867b-34631e035ca0,3f0bc918-5f68-553c-8150-7c919cfaaa08,CLASSIFIES
15745851-36cd-53c0-81d7-b6c59936fd0c,441e0ee0-ac66-5307-8d8f-e482ae1033f5,CLASSIFIES
b4f9b36e-ff17-5aff-8eea-51311501d141,9b1bb560-1dc3-5477-85dc-a49b8cfe0568,CLASSIFIES
4b3b46df-1a6d-5a11-8a1b-c064b2fc375b,c05dcafc-0f30-599c-8627-f96d164ce05f,CLASSIFIES
692914b3-55c0-5daa-8d07-c69a94ccfbfc,d7e96a50-5250-50a8-89e6-c11ec1857571,CLASSIFIES
01fef8b2-45e5-5888-82ca-c85739983600,0426b7d8-06ca-56cd-873c-a807aae8957a,CLASSIFIES
a23e00bf-889e-55c1-80bb-18569562dc81,cb8e1965-4992-542e-8a52-455b26a628a5,CLASSIFIES
b8960ab6-da98-5115-814b-7f4a15498851,4bf7ed1f-a410-55a8-85a2-f2005f84f948,CLASSIFIES
7c983a85-641b-5988-8b35-30a929296b45,6d23d863-9472-5ec7-8361-f9c10cc09f4d,CLASSIFIES
18ed6e0f-e535-5717-8ae1-d549919ab76b,0f3e9b6c-1c87-518f-8048-61f477fb4fac,CLASSIFIES
be5e6d30-f411-5079-8d20-18914ad2447e,9cdb0d8d-5860-5358-87ae-c52a4e6e727d,CLASSIFIES
493b4d69-3ce2-5322-8e97-7c8cb13f13ea,25907265-eda5-544d-8fd5-ab07f5ac916f,CLASSIFIES
bf306bc0-1b5c-5e2e-807c-988e8589f79c,71b67d88-7e55-5906-88a9-5d5cf4dfbf35,CLASSIFIES
e6bbb4c1-0d28-557b-8ebe-05bdd97cafd8,1b219980-d241-5820-8827-48086e1d4fae,CLASSIFIES
21653519-827f-52e2-8407-4931013b20ea,3ef57884-d0a7-56d4-87e7-5da750fd30da,CLASSIFIES
9335922d-b672-5226-8fc9-069a000b2675,c342c7c2-a873-5949-86d8-51b72a081b96,CLASSIFIES
8a8cf4cf-0d93-5e8c-8b5f-712bbde57e2e,2bf6fc37-0dcf-5ed0-86b2-2baeda2a5b89,CLASSIFIES
2a69179a-95d4-56fb-8a86-c7e63a21674b,7933d25a-d104-55eb-88da-2f64f240930b,CLASSIFIES
d3896f43-cbc6-5a7a-8fc6-aa39b7552fa1,6b178c99-810d-5833-8357-59656c3991a2,CLASSIFIES
85f589a9-0e90-5e41-8c24-f9adc5fef406,9106d49a-d1c5-5f95-8ff3-ee40ad573597,CLASSIFIES
354a8396-adf9-55d6-85c7-b44608671988,20cfee43-348a-59ed-8603-acc40c05943f,CLASSIFIES
15e5f1bc-d40c-5ffe-82aa-b21450adf1e0,8ee75541-f73f-5fe1-816a-30030a465b56,CLASSIFIES
2004b800-2da4-5d73-81e0-b1ada71d058a,47e72301-777a-5994-8321-1b2cbb869424,CLASSIFIES
88bf8a0d-55d0-56b0-8477-5b79809b3310,7cf3903a-776d-56a3-896e-efd8f1413af6,CLASSIFIES
5a618b6b-3d70-5618-8afa-19cd35aff526,94672402-a023-56af-8bfe-57cf83496ade,CLASSIFIES
eebd645c-79ce-52ec-8beb-917b282dfee1,d9fd5105-e5b2-5d4f-8f17-9b2777774414,CLASSIFIES
e883d8bd-f1c0-59f7-8665-2a58b83cf59e,651b5c6e-bec5-5962-8738-54e8909555e9,CLASSIFIES
981b5fbe-38a0-5c78-81f3-7cb206395269,d326bc04-b69b-5fc3-8df6-689cb098cc89,CLASSIFIES
b38a29a5-7f75-558a-8bd3-53a3826b3e31,28e1dc8d-6d3a-5bc9-81fc-133504e44120,CLASSIFIES
c25dd9b8-d0a6-5d57-8733-cd55839d2ee1,009956da-a39f-598c-8586-2e46e5fd2991,CLASSIFIES
568c2621-6ccb-50cb-87df-d488c1c3846d,2d9d2eb7-5347-5590-8190-e10172c6e377,CLASSIFIES
2ea702f3-9be7-5c0c-88cd-86be59c73a67,5a2c90ec-c8ae-508b-8ddc-2d170624e8bd,CLASSIFIES
ac484975-da94-5c02-8e44-093982ccce2f,107acefa-bcb2-5ff9-82e4-25cd00807b0b,CLASSIFIES
db4ecdc3-b8cf-5ee2-89d2-18575f573465,85b31039-7c1e-5108-8b9a-f7516c4470a6,CLASSIFIES
dba69c0f-c53f-53c9-8eb0-38a5cd45c816,25ffcaa1-4fa2-5278-81d5-b8b2d6a000c6,CLASSIFIES
bb54e2af-248a-5172-88f6-3a732b660a22,6f557698-17d7-5a09-893b-71bfbcb8419e,CLASSIFIES
fbda84cc-3829-5960-823e-ea4829dad49d,bc20c116-ec39-5bd0-814a-71e8b6981b29,CLASSIFIES
3adc350b-61ad-5b24-840a-18e3ca8256ef,7f5edc03-69c7-522a-8680-69eae46f7606,CLASSIFIES
a565e111-8bf8-574e-825b-6b2a1d39a393,aa7908a3-7945-5676-8cb5-e3b4914ac546,CLASSIFIES
b201174b-6008-5a7f-8c93-d8bcc70441bf,adf1791b-9c9f-5356-86d0-ec7c91e5c4fd,CLASSIFIES
c2595a9a-ed0e-5f4d-8ee0-5b4baed5ccca,49080d5e-2216-5ce0-8100-8153b4cd8ab1,CLASSIFIES
20d5afe9-b168-5add-8640-8b56563748b8,122b75f5-6c23-51e0-8b1d-11e85f2a47da,CLASSIFIES
2fe5bfa1-3f43-5343-89aa-0be7b4674d4c,fab060b7-fa7e-5ec1-8dc4-889132d1cc8b,CLASSIFIES
56febdef-6c0d-57cc-874a-758b737ca222,b19d6e38-ee3f-5f0f-8fb8-a82d17b578b4,CLASSIFIES
8c200660-350b-5467-804f-b7b34436129c,b2c4f243-0ecc-5690-859c-be504c697e78,CLASSIFIES
e07ea4c5-3b68-5cf2-89fd-0d6f751f40e1,295c8df1-8664-5366-8a73-f36a7ec6f3a5,CLASSIFIES
3aa2957a-5107-5d72-84db-a27e827954ab,884c006b-60f0-57d9-8d87-211a2bf4a802,CLASSIFIES
1de3c44b-9bcc-5e0c-8441-ac1a63989d06,cdb8d625-8e0e-5569-8bea-6c97894b3fc1,CLASSIFIES
038c40f1-31bf-5638-8407-edcb951bc281,ea9b10ff-8bd8-576e-8412-4f62be63747a,CLASSIFIES
0610b268-9333-5eed-8e72-6adc15cda454,14a28051-47c5-5e8e-8284-427e1ab99b11,CLASSIFIES
b396bc3d-9309-58e5-87a3-76ceb05c9309,bdf4e6c7-f16a-5e3a-83e0-3ee415027cb7,CLASSIFIES
8b94ad45-f852-54e8-8caa-832b14a63799,594b15c2-6c5e-5b3a-81f6-8890e801ee9f,CLASSIFIES
e5c784a2-2bcf-539a-8ce6-bbf9c6dce36b,b5937c16-0f59-5071-871b-6fe8d0098beb,CLASSIFIES
06f5ae3c-1aee-54ba-82d0-d1ee202cb9cf,31136c94-e7ea-5c04-8884-b56118cf5a3d,CLASSIFIES
94d9adac-bbeb-591d-87e4-f8d002b49c82,6f24c0f2-0bf4-5f86-822a-891ed78102ff,CLASSIFIES
f843a4c9-66e9-5f6d-8fcd-0b3c89950220,fcc19b1d-478f-52c7-8f46-cffc0d8520ab,CLASSIFIES
22af5161-430d-5500-8d6f-079db01a7d7d,8f56d68a-fcbc-5068-82da-62a3d31c263e,CLASSIFIES
c092370f-1bb5-541f-8f97-41557cbfcaf4,681de7b6-1f5b-53ae-82bc-6752b2671110,CLASSIFIES
c874985b-7594-5b66-8ac7-5bfd8a2e965e,c4aa1c70-a0c2-555e-89c3-5fc7f40c1f38,CLASSIFIES
e1f0ab62-3f33-53e8-8a22-89b275de5a27,10f55779-060f-5a0a-84b0-b90b4cfc2694,CLASSIFIES
9ba6b35a-34be-52a6-88a9-064623edf281,79236c33-f509-54c9-8551-5fbd33c020e9,CLASSIFIES
59ab0e55-9c43-59fc-8160-9156857b27bb,e28afc7c-8005-539e-8e38-81b8b7532561,CLASSIFIES
2ef98751-1fc2-5ed9-8780-750a3fc946de,142e0d29-8703-57ed-8f77-9b034159a102,CLASSIFIES
50ffef5b-d6e6-5a12-879a-fc4a2cc25914,628192cd-770a-51b8-8339-02b532e45e8e,CLASSIFIES
66d07337-bf9e-503b-84d0-d9378957c238,7951da89-0f3b-59d2-86aa-851a3c5d3417,CLASSIFIES
bec85ace-2069-5551-8b27-d4ec8d15a747,af135a71-4f73-584d-8f64-577cef81774d,CLASSIFIES
b934973b-7018-5a87-8ee9-45465da31c2a,aef09399-60fd-5d2e-8672-19b51f6e3759,CLASSIFIES
7b22c925-1d2d-53ad-8926-e7a755315bd6,2d054f99-dce9-5964-8343-bb2ac8016a25,CLASSIFIES
b3ee89a0-3f23-5c4b-81fa-40bf0e2148d1,65287ebd-9cdc-5558-8813-ed4082ca83c4,CLASSIFIES
82ff0e23-259f-53c9-81c8-a329a9d03e4b,72cb2346-3af3-5d29-8463-a9f0a550912a,CLASSIFIES
dfd5311b-7a81-5ede-8f0b-27e08448641b,87996757-1148-5ffa-84fb-20e98ff60e0f,CLASSIFIES
faa2c1d1-cd33-505e-84ce-79e4f38f6d7c,1b892127-6e55-5fbf-86d9-2d2103554e5f,CLASSIFIES
b13a91cb-2d4c-54ab-8d9b-8777306f8421,c89151ae-1078-5ab1-8ccd-eccb6d472edd,CLASSIFIES
45ae8129-8b9e-5ae0-8c18-e29dce013c0b,52951ad0-cbd3-5226-80eb-4f33acb866c5,CLASSIFIES
ad897e6c-38a2-5ce3-8961-e915383fb827,64920e7a-8a76-5cdd-89fd-e0b59ad9d7cd,CLASSIFIES
20d66dc3-767c-5aed-8057-dd5dce38a23f,bd671d82-8ae6-5ef4-8713-e80e0341469a,CLASSIFIES
f3e5da8c-b13e-5e4a-8ffc-9a6a94fe5695,1e7bb365-c1d3-5a83-88ba-09174971b297,CLASSIFIES
e2d8ef42-5c77-55a6-8e7d-f2f72b44fa36,10cec42f-65f2-5b0d-8395-98d2fd7c2a49,CLASSIFIES
55625c7a-243e-55f7-873f-c8f4d3be1c1b,3c3152c8-19a1-58a2-8f09-b391b61ce739,CLASSIFIES
71f75f43-f62b-5149-8f40-fd00036838c9,2b15a1a5-aa22-5100-876d-3679ea6d5c83,CLASSIFIES
400b54fb-bd6b-5e2a-85df-b71d2248f07e,0963b2a1-ac64-5e58-8f67-32051fe29b05,CLASSIFIES
6d61f8d2-8aad-5264-835f-b4b57ab6b79b,edd5c862-f505-503f-8cb0-ee00c9137e54,CLASSIFIES
44d170f0-bc4f-565a-8ef3-328faa573edc,093c7117-1b59-5d62-8c48-5ec9e0ad63d5,CLASSIFIES
b7d0eb60-1f4a-56e5-81ab-66852e2689ee,7acdac8e-82e9-581c-8a1f-fecd04f1802f,CLASSIFIES
f2efe70d-b13e-55f9-8cfa-8ca22ba27e10,077735fa-4b2f-5e18-8778-e51aca5199ac,CLASSIFIES
95225250-d4a4-5c57-8aff-7d3dbd059939,2d7c688a-e437-5560-8d36-40e13a1cd2f0,CLASSIFIES
ea719653-5f75-52ed-8483-bd7f19f017df,603fafa9-502b-56d8-8949-05662580a424,CLASSIFIES
3e19d4e9-3b8c-56a9-8b2a-16a2e4d6ff2d,d26d2bf9-1716-5930-8eed-e0fa95dbcca8,CLASSIFIES
7d0fb8a5-bcad-5213-89a6-2fc7f2e4ba30,3ef485a2-583b-53e4-8c0d-099804c49542,SOURCED_FROM
43b3350f-6cef-5e3e-814a-4f5fc057f07e,3ef485a2-583b-53e4-8c0d-099804c49542,SOURCED_FROM
93679234-8374-5f2c-8cf7-f4ad5829d2b6,3ef485a2-583b-53e4-8c0d-099804c49542,SOURCED_FROM
bc8f46ff-1da7-5d14-8fde-232daba61325,3ef485a2-583b-53e4-8c0d-099804c49542,SOURCED_FROM
e77e1682-17b9-5f2b-8749-43f3f4004f39,3ef485a2-583b-53e4-8c0d-099804c49542,SOURCED_FROM
585fa67e-7080-562a-8798-77877a7235ce,3ef485a2-583b-53e4-8c0d-099804c49542,SOURCED_FROM
7957ae01-bf91-5dc8-8113-92085047a948,3ef485a2-583b-53e4-8c0d-099804c49542,SOURCED_FROM
4fbf530b-93db-5368-88ec-ff137bb4cd31,3ef485a2-583b-53e4-8c0d-099804c49542,SOURCED_FROM
9959e390-6946-5c3f-82ed-d7fa15bfec8b,3ef485a2-583b-53e4-8c0d-099804c49542,SOURCED_FROM
2209c768-0dc0-50c8-8443-d7386dac81f7,3ef485a2-583b-53e4-8c0d-099804c49542,SOURCED_FROM
4230533e-aa97-5d54-8819-84d8fdb174a0,3ef485a2-583b-53e4-8c0d-099804c49542,SOURCED_FROM
6a3e7c5f-37d9-53ae-8fc3-1a21132861c0,3ef485a2-583b-53e4-8c0d-099804c49542,SOURCED_FROM
11504c2f-359c-56c9-8936-482c375230a2,3ef485a2-583b-53e4-8c0d-099804c49542,SOURCED_FROM
0310cb27-ae6d-58d8-85a4-cba2ed90cd4d,3ef485a2-583b-53e4-8c0d-099804c49542,SOURCED_FROM
d7d9574b-49bd-51c9-857d-9065a1f3d55d,3ef485a2-583b-53e4-8c0d-099804c49542,SOURCED_FROM
af2cf42e-d4ae-5ea2-8666-46f3a1122795,3ef485a2-583b-53e4-8c0d-099804c49542,SOURCED_FROM
dbbcc476-ff44-57b9-8769-15d82c2879c8,3ef485a2-583b-53e4-8c0d-099804c49542,SOURCED_FROM
aa1a8a7a-c0be-50f1-86fe-e2924e18c761,3ef485a2-583b-53e4-8c0d-099804c49542,SOURCED_FROM
b88e0fe8-49e9-5b41-86dc-a937419cfdf6,3ef485a2-583b-53e4-8c0d-099804c49542,SOURCED_FROM
3219d03b-be9e-50be-8699-80cf94233351,3ef485a2-583b-53e4-8c0d-099804c49542,SOURCED_FROM
16fc6c09-bbb2-5c7f-83d2-ed9c29bdf6cb,3ef485a2-583b-53e4-8c0d-099804c49542,SOURCED_FROM
34f38714-80dc-5785-8d85-82977e369f6e,3ef485a2-583b-53e4-8c0d-099804c49542,SOURCED_FROM
0a6a920d-7514-558a-8d43-5ab5c803effd,3ef485a2-583b-53e4-8c0d-099804c49542,SOURCED_FROM
f39b90f9-bde5-5b27-8277-d3519e473fda,3ef485a2-583b-53e4-8c0d-099804c49542,SOURCED_FROM
eb033593-1776-56e8-8e39-6496615f1d6e,3ef485a2-583b-53e4-8c0d-099804c49542,SOURCED_FROM
0cc8daf8-bf0a-5093-83f8-d6ce692e120a,3ef485a2-583b-53e4-8c0d-099804c49542,SOURCED_FROM
347a5d63-b874-5362-800d-892d87b2cb62,3ef485a2-583b-53e4-8c0d-099804c49542,SOURCED_FROM
63569e55-7dae-53be-8306-b0857ec16720,3ef485a2-583b-53e4-8c0d-099804c49542,SOURCED_FROM
207cc95f-889f-51c5-8fc0-fd75005d8169,3ef485a2-583b-53e4-8c0d-099804c49542,SOURCED_FROM
f2ad2ab9-d231-588f-8b9b-9bfcefe9f1df,3ef485a2-583b-53e4-8c0d-099804c49542,SOURCED_FROM
b88bc1e6-262a-5119-8159-edf4f49de06c,3ef485a2-583b-53e4-8c0d-099804c49542,SOURCED_FROM
9634475e-37d3-547d-8437-efd3ff3951e3,3ef485a2-583b-53e4-8c0d-099804c49542,SOURCED_FROM
dc8086e0-65ae-5393-882f-c5087ee367a7,3ef485a2-583b-53e4-8c0d-099804c49542,SOURCED_FROM
a04ac631-5b9e-5c05-8d7a-571fa577abd1,3ef485a2-583b-53e4-8c0d-099804c49542,SOURCED_FROM
1867417a-9096-578b-84f4-c8aee87ae568,3ef485a2-583b-53e4-8c0d-099804c49542,SOURCED_FROM
b0b29cac-c29e-57bd-81fc-df35251d3a5b,3ef485a2-583b-53e4-8c0d-099804c49542,SOURCED_FROM
d3bb4dda-cb18-5fd6-8205-b3cf0ca390c8,3ef485a2-583b-53e4-8c0d-099804c49542,SOURCED_FROM
e340d0a5-9209-5bff-8522-b6bae9a21390,3ef485a2-583b-53e4-8c0d-099804c49542,SOURCED_FROM
b4966de2-e751-5e4a-8c49-56bc0806d3a5,3ef485a2-583b-53e4-8c0d-099804c49542,SOURCED_FROM
a299b497-8a9b-57df-811c-109ef002671d,3ef485a2-583b-53e4-8c0d-099804c49542,SOURCED_FROM
dfe656e7-b827-5c7a-8663-703c254d9af6,3ef485a2-583b-53e4-8c0d-099804c49542,SOURCED_FROM
dfcc0f29-ba1c-51cb-8a9b-c671c62c9301,3ef485a2-583b-53e4-8c0d-099804c49542,SOURCED_FROM
cd7aeb0f-bc37-5457-8ec6-40393cc62554,3ef485a2-583b-53e4-8c0d-099804c49542,SOURCED_FROM
83ada8ee-1135-52d0-8bb8-61edac8291a2,3ef485a2-583b-53e4-8c0d-099804c49542,SOURCED_FROM
ec73b1c7-2033-550c-84b1-7f1ca60d1588,3ef485a2-583b-53e4-8c0d-099804c49542,SOURCED_FROM
3cfcd9ae-d7a8-5d08-805e-0785fd2d0636,3ef485a2-583b-53e4-8c0d-099804c49542,SOURCED_FROM
7365ae59-562e-59ad-830a-df1b58178972,3ef485a2-583b-53e4-8c0d-099804c49542,SOURCED_FROM
5a5bd388-5980-55c1-8a19-4aad7890e40e,3ef485a2-583b-53e4-8c0d-099804c49542,SOURCED_FROM
46261313-9491-5e6a-8e3d-49b57533dffd,3ef485a2-583b-53e4-8c0d-099804c49542,SOURCED_FROM
cad44f64-dee9-545a-847b-018d1a7893c8,3ef485a2-583b-53e4-8c0d-099804c49542,SOURCED_FROM
d26ebab3-dbc0-50d9-8e3d-27481eb0c2c5,3ef485a2-583b-53e4-8c0d-099804c49542,SOURCED_FROM
17e90d99-074c-5ee3-8b7c-ef04deeff608,3ef485a2-583b-53e4-8c0d-099804c49542,SOURCED_FROM
582eb67c-1c1d-584e-8745-7084550f31fb,3ef485a2-583b-53e4-8c0d-099804c49542,SOURCED_FROM
868ad9c1-3af5-5e61-8a78-78e4bf40f9b7,3ef485a2-583b-53e4-8c0d-099804c49542,SOURCED_FROM
9592df58-8109-5cbf-8cb3-8d7ff1332e4b,3ef485a2-583b-53e4-8c0d-099804c49542,SOURCED_FROM
fa5eb197-b279-5a35-83a4-829fda3ac7df,3ef485a2-583b-53e4-8c0d-099804c49542,SOURCED_FROM
2016ce07-5d27-5e36-840e-241fcf0bc9e5,3ef485a2-583b-53e4-8c0d-099804c49542,SOURCED_FROM
b631b8d4-e245-5330-8d3e-5532a1e3f574,3ef485a2-583b-53e4-8c0d-099804c49542,SOURCED_FROM
c1e2c819-c18e-5c32-8059-1dd4e2aabe5d,3ef485a2-583b-53e4-8c0d-099804c49542,SOURCED_FROM
e56df48b-5590-52e5-8df6-5a0f6ea605d1,3ef485a2-583b-53e4-8c0d-099804c49542,SOURCED_FROM
9688c3d1-1c9a-54a7-8fe7-cd02cee0dcc2,3ef485a2-583b-53e4-8c0d-099804c49542,SOURCED_FROM
daf240fa-c762-5d72-8dd1-95a3bee10312,3ef485a2-583b-53e4-8c0d-099804c49542,SOURCED_FROM
2025f05e-c362-5907-8fb8-aa17404e22e6,3ef485a2-583b-53e4-8c0d-099804c49542,SOURCED_FROM
04f4d4cf-4adb-5817-8798-9530c5ab814f,3ef485a2-583b-53e4-8c0d-099804c49542,SOURCED_FROM
30a63b38-48fb-527e-8a2d-00bd910273d3,3ef485a2-583b-53e4-8c0d-099804c49542,SOURCED_FROM
4206d82e-aec7-50d5-8b8e-efe236701702,3ef485a2-583b-53e4-8c0d-099804c49542,SOURCED_FROM
9f857d00-60a1-5a89-82f6-375400d3b74d,3ef485a2-583b-53e4-8c0d-099804c49542,SOURCED_FROM
36db3e2b-b508-5990-8fc0-3ec733941f9b,3ef485a2-583b-53e4-8c0d-099804c49542,SOURCED_FROM
099a2297-0668-557a-821e-70b90f91e39b,3ef485a2-583b-53e4-8c0d-099804c49542,SOURCED_FROM
338c82fd-bf29-5a23-838b-fca7f872a918,3ef485a2-583b-53e4-8c0d-099804c49542,SOURCED_FROM
53e916f8-a9d3-521b-8ffe-f046029943c4,3ef485a2-583b-53e4-8c0d-099804c49542,SOURCED_FROM
8f9343d6-431a-543e-8f22-e553da4f1815,3ef485a2-583b-53e4-8c0d-099804c49542,SOURCED_FROM
053bbcef-5e35-53a4-8e36-afc038093b22,3ef485a2-583b-53e4-8c0d-099804c49542,SOURCED_FROM
1fa748fc-a08b-5ce6-8acc-3f66099fc5ac,3ef485a2-583b-53e4-8c0d-099804c49542,SOURCED_FROM
0061cde4-525c-54a2-8b1b-4dc01b134726,3ef485a2-583b-53e4-8c0d-099804c49542,SOURCED_FROM
78256191-4281-5a57-82c2-93416bfdb6d5,3ef485a2-583b-53e4-8c0d-099804c49542,SOURCED_FROM
2a801825-abae-5d5e-8e78-24701c1fa40d,3ef485a2-583b-53e4-8c0d-099804c49542,SOURCED_FROM
608d3c30-a1ad-5778-8c8e-18ec45e103e0,3ef485a2-583b-53e4-8c0d-099804c49542,SOURCED_FROM
52cfeefe-ebe5-5da3-8be5-c17b9cf67f77,3ef485a2-583b-53e4-8c0d-099804c49542,SOURCED_FROM
b773e6b6-1fae-54a4-8763-75399def2160,3ef485a2-583b-53e4-8c0d-099804c49542,SOURCED_FROM
57e9e74d-9fe7-53f1-8c57-3dbafe821671,3ef485a2-583b-53e4-8c0d-099804c49542,SOURCED_FROM
01494023-9e99-5435-8f40-791eca42d815,3ef485a2-583b-53e4-8c0d-099804c49542,SOURCED_FROM
65dbbade-fef4-5afd-81ab-708905ffecb1,3ef485a2-583b-53e4-8c0d-099804c49542,SOURCED_FROM
9cc01029-b071-5b56-8b83-235f65160183,3ef485a2-583b-53e4-8c0d-099804c49542,SOURCED_FROM
380f0843-d5a8-5e0d-8915-49a1d4b811b0,3ef485a2-583b-53e4-8c0d-099804c49542,SOURCED_FROM
befc0cf6-5d26-561c-8923-a6d51ac486dd,3ef485a2-583b-53e4-8c0d-099804c49542,SOURCED_FROM
4911d159-4c71-5810-89da-72a08e8451d1,3ef485a2-583b-53e4-8c0d-099804c49542,SOURCED_FROM
78e29f93-a952-5701-8214-8b449c382f9e,3ef485a2-583b-53e4-8c0d-099804c49542,SOURCED_FROM
2a1dc03e-b887-56c3-86b3-6c406a640f10,3ef485a2-583b-53e4-8c0d-099804c49542,SOURCED_FROM
c7c383bf-8751-515b-8972-01708bd42247,3ef485a2-583b-53e4-8c0d-099804c49542,SOURCED_FROM
43f054d8-29d7-5421-883b-8039763dae4e,3ef485a2-583b-53e4-8c0d-099804c49542,SOURCED_FROM
4d1ad9e3-88b3-5c6c-8fe7-e9855e624afc,3ef485a2-583b-53e4-8c0d-099804c49542,SOURCED_FROM
4258efce-56f0-5d9e-8a50-523f7b44d93d,3ef485a2-583b-53e4-8c0d-099804c49542,SOURCED_FROM
459b2ee1-dd5f-5bdd-8b38-8d7118ad4f7c,3ef485a2-583b-53e4-8c0d-099804c49542,SOURCED_FROM
82b0ca1c-80be-50dd-8aca-c79ed761def3,3ef485a2-583b-53e4-8c0d-099804c49542,SOURCED_FROM
94438b40-e8b9-5f57-86fe-76f22a87896f,3ef485a2-583b-53e4-8c0d-099804c49542,SOURCED_FROM
3522b75c-021d-5ede-8344-c6e278dac542,3ef485a2-583b-53e4-8c0d-099804c49542,SOURCED_FROM
88429e4c-47c7-5cda-8e98-d1b8188374bb,3ef485a2-583b-53e4-8c0d-099804c49542,SOURCED_FROM
394bf1a8-8c3b-5622-8670-7c453a1e241a,3ef485a2-583b-53e4-8c0d-099804c49542,SOURCED_FROM
b8cca59d-e803-5f0d-8934-3fcf2271b128,3ef485a2-583b-53e4-8c0d-099804c49542,SOURCED_FROM
7509d44e-8ed6-553a-8198-738f6f36e838,3ef485a2-583b-53e4-8c0d-099804c49542,SOURCED_FROM
8b790087-01d5-583c-8cf3-ba69d0ee7f83,3ef485a2-583b-53e4-8c0d-099804c49542,SOURCED_FROM
27fbbe85-6f09-5e58-85d4-50d89a31a303,3ef485a2-583b-53e4-8c0d-099804c49542,SOURCED_FROM
bfeb1f79-0fcf-5fea-8e9a-30f5a562c248,3ef485a2-583b-53e4-8c0d-099804c49542,SOURCED_FROM
3affdc5b-3b06-5e20-88ed-185cf7d5c514,3ef485a2-583b-53e4-8c0d-099804c49542,SOURCED_FROM
a5542942-fcc1-566a-892a-404e1ba774e9,3ef485a2-583b-53e4-8c0d-099804c49542,SOURCED_FROM
3a4d2c3c-4242-51e2-8aca-d25479c94999,3ef485a2-583b-53e4-8c0d-099804c49542,SOURCED_FROM
f6b7f771-795b-5d14-8583-b12426d930d4,3ef485a2-583b-53e4-8c0d-099804c49542,SOURCED_FROM
6dc2718d-fd04-58ba-8089-65803791e234,3ef485a2-583b-53e4-8c0d-099804c49542,SOURCED_FROM
b508262d-1b6b-53ea-8a84-672971387e51,3ef485a2-583b-53e4-8c0d-099804c49542,SOURCED_FROM
bf5d7fd8-6b09-5ca8-8702-8204458df150,3ef485a2-583b-53e4-8c0d-099804c49542,SOURCED_FROM
40156ca4-595a-515d-87cf-7f9934f32933,3ef485a2-583b-53e4-8c0d-099804c49542,SOURCED_FROM
221c5bff-2fee-51d2-8bf6-906d4ea8c922,3ef485a2-583b-53e4-8c0d-099804c49542,SOURCED_FROM
67214fdf-b6c1-59b5-85dd-02b260330c25,3ef485a2-583b-53e4-8c0d-099804c49542,SOURCED_FROM
29d3bbab-2648-5bc4-8740-54f3c118cfa0,3ef485a2-583b-53e4-8c0d-099804c49542,SOURCED_FROM
23bec9a5-7a51-5083-8a98-c107bed24dc1,3ef485a2-583b-53e4-8c0d-099804c49542,SOURCED_FROM
ec051b5b-6cf5-59ae-81e1-d0ad6e9a4c33,3ef485a2-583b-53e4-8c0d-099804c49542,SOURCED_FROM
c3949370-eb5b-53a4-8d05-18116ca99dd1,3ef485a2-583b-53e4-8c0d-099804c49542,SOURCED_FROM
da619d85-4880-568f-80bd-ca92765cc8b0,3ef485a2-583b-53e4-8c0d-099804c49542,SOURCED_FROM
2c5dbcae-d92c-53da-89ed-f1664b3e07da,3ef485a2-583b-53e4-8c0d-099804c49542,SOURCED_FROM
bd5819bb-d7f2-599a-891e-29dc2464194f,3ef485a2-583b-53e4-8c0d-099804c49542,SOURCED_FROM
f6faab20-8b29-5b89-8f61-6fd53e05bd6c,3ef485a2-583b-53e4-8c0d-099804c49542,SOURCED_FROM
28cb634e-7df6-50a0-847e-5a026fe312e1,3ef485a2-583b-53e4-8c0d-099804c49542,SOURCED_FROM
74d5ae49-cb0a-5439-8104-1d30ebd0a9ba,3ef485a2-583b-53e4-8c0d-099804c49542,SOURCED_FROM
9bbcd3d3-87e9-5896-8c24-8596c415a427,3ef485a2-583b-53e4-8c0d-099804c49542,SOURCED_FROM
45576cce-6a61-53cb-85cf-663d3b560372,3ef485a2-583b-53e4-8c0d-099804c49542,SOURCED_FROM
1fed0ac6-6590-5151-8635-da6322dd0346,3ef485a2-583b-53e4-8c0d-099804c49542,SOURCED_FROM
bf2c9e09-fbcb-51a0-8ecd-2b23281e3237,3ef485a2-583b-53e4-8c0d-099804c49542,SOURCED_FROM
82edc600-830f-590d-8c22-7604518a92f1,3ef485a2-583b-53e4-8c0d-099804c49542,SOURCED_FROM
57fcca86-3ecb-55ba-8dfb-c37792604be9,3ef485a2-583b-53e4-8c0d-099804c49542,SOURCED_FROM
80cbb557-4786-5fe1-8d52-dadeca70bc98,3ef485a2-583b-53e4-8c0d-099804c49542,SOURCED_FROM
542057d9-7430-5601-8467-03499f16b0c6,3ef485a2-583b-53e4-8c0d-099804c49542,SOURCED_FROM
82abe9e2-4f39-5164-808f-fb91353c9de7,3ef485a2-583b-53e4-8c0d-099804c49542,SOURCED_FROM
9af64229-9b9d-5b07-8ceb-6dc7f6d7e11a,3ef485a2-583b-53e4-8c0d-099804c49542,SOURCED_FROM
f6a3e4ee-488b-56c0-8b12-bb0da188de8a,3ef485a2-583b-53e4-8c0d-099804c49542,SOURCED_FROM
52042a56-96a9-55c4-89f2-b7407ba80752,3ef485a2-583b-53e4-8c0d-099804c49542,SOURCED_FROM
3cbbf57c-6498-55fa-86fe-bd50fabd5ed6,3ef485a2-583b-53e4-8c0d-099804c49542,SOURCED_FROM
75a2482a-2a4c-5048-8310-3b1cf8c8ebee,3ef485a2-583b-53e4-8c0d-099804c49542,SOURCED_FROM
df1b3874-8813-5fcf-8c41-9ef210ec236f,3ef485a2-583b-53e4-8c0d-099804c49542,SOURCED_FROM
a9fb6123-56e6-5305-883a-81dbd6d5423d,3ef485a2-583b-53e4-8c0d-099804c49542,SOURCED_FROM
6a98cbd8-7241-5a23-8689-05b415631ccc,3ef485a2-583b-53e4-8c0d-099804c49542,SOURCED_FROM
4c4e2f20-2d7d-512e-8350-c2ed2ed424e2,3ef485a2-583b-53e4-8c0d-099804c49542,SOURCED_FROM
308c16ef-8ee9-535f-8c0a-77c887844a57,3ef485a2-583b-53e4-8c0d-099804c49542,SOURCED_FROM
ca2b36df-f144-5c05-8e15-60f56f3888fc,3ef485a2-583b-53e4-8c0d-099804c49542,SOURCED_FROM
582dfaf3-9b33-5ab5-8086-bd77bcd90237,3ef485a2-583b-53e4-8c0d-099804c49542,SOURCED_FROM
4f862f8b-944a-584b-89b3-2ba916951671,3ef485a2-583b-53e4-8c0d-099804c49542,SOURCED_FROM
96f57941-676f-5b6a-816d-ecb648f508f4,3ef485a2-583b-53e4-8c0d-099804c49542,SOURCED_FROM
971dc03d-aee5-598f-8b97-f42f6fdda99c,3ef485a2-583b-53e4-8c0d-099804c49542,SOURCED_FROM
c99e8ed3-9c62-5107-8973-2e908d8576ee,3ef485a2-583b-53e4-8c0d-099804c49542,SOURCED_FROM
dba7b726-3101-561c-8e01-07fb5cceb2af,3ef485a2-583b-53e4-8c0d-099804c49542,SOURCED_FROM
0535067a-3b27-5800-8b66-842ce420a56d,3ef485a2-583b-53e4-8c0d-099804c49542,SOURCED_FROM
da5b09df-d3e7-504c-8e0f-5e9b43327fd5,3ef485a2-583b-53e4-8c0d-099804c49542,SOURCED_FROM
7d2b5473-5252-5e40-8a7d-088738e0e524,3ef485a2-583b-53e4-8c0d-099804c49542,SOURCED_FROM
e3f2c144-7df5-5795-8efc-168e0716fd9a,3ef485a2-583b-53e4-8c0d-099804c49542,SOURCED_FROM
236c4575-7c7f-5e4c-87e6-d2ad0121a397,3ef485a2-583b-53e4-8c0d-099804c49542,SOURCED_FROM
b9b9f1e4-8046-5913-857c-0a631cc1a092,3ef485a2-583b-53e4-8c0d-099804c49542,SOURCED_FROM
3254f2b1-cc14-5679-8286-830858f6f312,3ef485a2-583b-53e4-8c0d-099804c49542,SOURCED_FROM
6b78b199-2c41-5b70-8ef3-20bc9e5993ff,3ef485a2-583b-53e4-8c0d-099804c49542,SOURCED_FROM
71a89fce-e303-5677-8c0d-8932e0b70178,3ef485a2-583b-53e4-8c0d-099804c49542,SOURCED_FROM
183800c3-d089-5d67-8e60-6956c817014e,3ef485a2-583b-53e4-8c0d-099804c49542,SOURCED_FROM
5f121f40-c20a-5c73-8b53-ea853e341321,3ef485a2-583b-53e4-8c0d-099804c49542,SOURCED_FROM
f16afb55-2368-5a83-806c-9352137a17bb,3ef485a2-583b-53e4-8c0d-099804c49542,SOURCED_FROM
6d699b29-f554-55d6-83c4-faaa6d4a1b8e,3ef485a2-583b-53e4-8c0d-099804c49542,SOURCED_FROM
c504435d-c05f-52e3-81d5-8e3a9c6694a0,3ef485a2-583b-53e4-8c0d-099804c49542,SOURCED_FROM
4377dda7-50ba-5f45-8def-7ae20e655341,3ef485a2-583b-53e4-8c0d-099804c49542,SOURCED_FROM
e3077093-ebc5-52ac-80fe-19bbfb62155e,3ef485a2-583b-53e4-8c0d-099804c49542,SOURCED_FROM
d6574faf-451d-57f6-8a91-26fee9f79774,3ef485a2-583b-53e4-8c0d-099804c49542,SOURCED_FROM
77ec0d82-e159-55de-852d-f32fdc1ba663,3ef485a2-583b-53e4-8c0d-099804c49542,SOURCED_FROM
a4c73138-a548-5ac4-8aaa-056628f46abe,3ef485a2-583b-53e4-8c0d-099804c49542,SOURCED_FROM
ddc98f06-6284-50fa-8b6f-05fce79f3d54,3ef485a2-583b-53e4-8c0d-099804c49542,SOURCED_FROM
0f02a851-b17d-5bd5-8c17-cc6d9e770cb2,3ef485a2-583b-53e4-8c0d-099804c49542,SOURCED_FROM
6e85c775-4f63-5c45-8c26-e9adfcf1fdcf,3ef485a2-583b-53e4-8c0d-099804c49542,SOURCED_FROM
bfedd4a2-2f99-52de-8b15-359747b2b85a,3ef485a2-583b-53e4-8c0d-099804c49542,SOURCED_FROM
d4ebc74b-89ab-5b38-85d3-5074e2d25874,3ef485a2-583b-53e4-8c0d-099804c49542,SOURCED_FROM
dcbc579c-5e8b-535b-8de9-5fbd974e9816,3ef485a2-583b-53e4-8c0d-099804c49542,SOURCED_FROM
ab818966-fc6c-5b90-876c-4941982d3546,3ef485a2-583b-53e4-8c0d-099804c49542,SOURCED_FROM
9a690ed2-8f4e-5867-8002-80c1c9679742,3ef485a2-583b-53e4-8c0d-099804c49542,SOURCED_FROM
dae0acfb-3fd5-51bf-87e4-a9b10b27a647,3ef485a2-583b-53e4-8c0d-099804c49542,SOURCED_FROM
a3e59178-9f88-5374-8948-dc4a7943abec,3ef485a2-583b-53e4-8c0d-099804c49542,SOURCED_FROM
d23e9991-96a0-5cbe-86d6-50fd077e446e,3ef485a2-583b-53e4-8c0d-099804c49542,SOURCED_FROM
68a1ce57-0681-5744-81ee-547f455dfe21,3ef485a2-583b-53e4-8c0d-099804c49542,SOURCED_FROM
4292c561-8a8a-5d0a-89cf-b4f29e64af2a,3ef485a2-583b-53e4-8c0d-099804c49542,SOURCED_FROM
2516e6a3-51fe-5d1a-8595-9766ec5dc2a1,3ef485a2-583b-53e4-8c0d-099804c49542,SOURCED_FROM
cd743bdb-7b44-5ecb-8861-e391d3db8da1,3ef485a2-583b-53e4-8c0d-099804c49542,SOURCED_FROM
d043719a-0885-5b4d-804b-6dad12f723be,3ef485a2-583b-53e4-8c0d-099804c49542,SOURCED_FROM
e0f4efb7-9b98-55d5-85a3-5f2bc164c319,3ef485a2-583b-53e4-8c0d-099804c49542,SOURCED_FROM
f2ece0c6-bdf1-59d7-8265-59bc06bd8037,3ef485a2-583b-53e4-8c0d-099804c49542,SOURCED_FROM
deecf635-abb9-52a9-81ee-12db22588e56,3ef485a2-583b-53e4-8c0d-099804c49542,SOURCED_FROM
5482bcc6-a0b4-556f-8a7b-8a0244b3b43f,3ef485a2-583b-53e4-8c0d-099804c49542,SOURCED_FROM
2e2f6b36-8de3-5bd7-8bcb-5965b739d091,3ef485a2-583b-53e4-8c0d-099804c49542,SOURCED_FROM
1119e447-a1f5-5f67-84b0-cc067ebde4de,3ef485a2-583b-53e4-8c0d-099804c49542,SOURCED_FROM
d3f72195-e297-5640-88eb-eee6514eb599,3ef485a2-583b-53e4-8c0d-099804c49542,SOURCED_FROM
15feb7dd-1c33-5b4c-8291-c063510e8283,3ef485a2-583b-53e4-8c0d-099804c49542,SOURCED_FROM
bd409742-17e2-50de-8cf8-6f7618c2040a,3ef485a2-583b-53e4-8c0d-099804c49542,SOURCED_FROM
c3f71cef-788b-5086-8c95-e2e632c397a6,3ef485a2-583b-53e4-8c0d-099804c49542,SOURCED_FROM
ddac69e2-16ec-527c-89d0-6a3a23231e68,3ef485a2-583b-53e4-8c0d-099804c49542,SOURCED_FROM
b4e2d2db-9389-525e-89fb-45f44c658653,3ef485a2-583b-53e4-8c0d-099804c49542,SOURCED_FROM
198d040f-f2ef-57a5-8f06-a5dfebd9e90b,3ef485a2-583b-53e4-8c0d-099804c49542,SOURCED_FROM
7689ac82-4752-5d03-8cf7-72565fe50bfd,3ef485a2-583b-53e4-8c0d-099804c49542,SOURCED_FROM
a9fc4a99-ce85-530b-84de-9850a7c6e7a1,3ef485a2-583b-53e4-8c0d-099804c49542,SOURCED_FROM
d98a4c8e-e868-5f52-8f62-d2f9a2de66cc,3ef485a2-583b-53e4-8c0d-099804c49542,SOURCED_FROM
e685b0c3-9f00-5d58-86d4-3cba7ac41614,3ef485a2-583b-53e4-8c0d-099804c49542,SOURCED_FROM
4adb2800-7437-5512-8ace-7eb4a95b70c9,3ef485a2-583b-53e4-8c0d-099804c49542,SOURCED_FROM
ec1352bf-379b-54b0-86e2-3efeb238ca6f,3ef485a2-583b-53e4-8c0d-099804c49542,SOURCED_FROM
527e876f-376d-5a97-8402-e895e892d37e,3ef485a2-583b-53e4-8c0d-099804c49542,SOURCED_FROM
42b83cb1-926a-5d97-856f-b2a12348948e,3ef485a2-583b-53e4-8c0d-099804c49542,SOURCED_FROM
db54daea-59b9-5d24-8c93-d5f6affae185,3ef485a2-583b-53e4-8c0d-099804c49542,SOURCED_FROM
01b9d411-557c-5e57-8a91-e59363fae79e,3ef485a2-583b-53e4-8c0d-099804c49542,SOURCED_FROM
efe84662-61c3-50a8-8425-61751721045a,3ef485a2-583b-53e4-8c0d-099804c49542,SOURCED_FROM
75f550a2-2672-5e74-8cfb-dec1c39a0d5b,3ef485a2-583b-53e4-8c0d-099804c49542,SOURCED_FROM
fd9d5195-d896-5785-84f0-97eeeeae68ae,3ef485a2-583b-53e4-8c0d-099804c49542,SOURCED_FROM
fc1ddd54-9535-5dba-8d96-3d20ce88a6b0,3ef485a2-583b-53e4-8c0d-099804c49542,SOURCED_FROM
e11d23e8-cf94-5fa1-849c-928bdecb3e65,3ef485a2-583b-53e4-8c0d-099804c49542,SOURCED_FROM
aa15e88e-1c48-53c8-8949-bca45b71efcf,3ef485a2-583b-53e4-8c0d-099804c49542,SOURCED_FROM
bbcbf20b-25bf-50ff-896c-b40616fede61,3ef485a2-583b-53e4-8c0d-099804c49542,SOURCED_FROM
137f186d-b26c-526d-8a75-0aeae344e5f1,3ef485a2-583b-53e4-8c0d-099804c49542,SOURCED_FROM
0dbf39cd-bd72-5143-8b47-88a36c7c75d8,3ef485a2-583b-53e4-8c0d-099804c49542,SOURCED_FROM
53160802-08a2-5892-8f33-81d457b72b98,3ef485a2-583b-53e4-8c0d-099804c49542,SOURCED_FROM
bb30a11d-4b7f-5c3e-81dc-38b15601e6bf,3ef485a2-583b-53e4-8c0d-099804c49542,SOURCED_FROM
0b7a5d19-60b4-5546-8e04-a624127c6e8c,3ef485a2-583b-53e4-8c0d-099804c49542,SOURCED_FROM
663a5e3f-3f4b-5ac4-8ea7-f55e50459299,3ef485a2-583b-53e4-8c0d-099804c49542,SOURCED_FROM
8da6657e-13bf-5245-8763-2eb9837ecbce,3ef485a2-583b-53e4-8c0d-099804c49542,SOURCED_FROM
7071fb40-9d95-561a-83f3-5dc8e1c5a437,3ef485a2-583b-53e4-8c0d-099804c49542,SOURCED_FROM
59dad013-9417-59dc-8209-25bfd0847263,3ef485a2-583b-53e4-8c0d-099804c49542,SOURCED_FROM
625067d9-3b89-5eb6-89f5-c3bb781f8cad,3ef485a2-583b-53e4-8c0d-099804c49542,SOURCED_FROM
255a405a-1afc-54ff-8010-f0ee6cf80205,3ef485a2-583b-53e4-8c0d-099804c49542,SOURCED_FROM
a1f61cde-f610-52b3-85c9-ed20cae879d8,3ef485a2-583b-53e4-8c0d-099804c49542,SOURCED_FROM
3f0bc918-5f68-553c-8150-7c919cfaaa08,3ef485a2-583b-53e4-8c0d-099804c49542,SOURCED_FROM
441e0ee0-ac66-5307-8d8f-e482ae1033f5,3ef485a2-583b-53e4-8c0d-099804c49542,SOURCED_FROM
9b1bb560-1dc3-5477-85dc-a49b8cfe0568,3ef485a2-583b-53e4-8c0d-099804c49542,SOURCED_FROM
c05dcafc-0f30-599c-8627-f96d164ce05f,3ef485a2-583b-53e4-8c0d-099804c49542,SOURCED_FROM
d7e96a50-5250-50a8-89e6-c11ec1857571,3ef485a2-583b-53e4-8c0d-099804c49542,SOURCED_FROM
0426b7d8-06ca-56cd-873c-a807aae8957a,3ef485a2-583b-53e4-8c0d-099804c49542,SOURCED_FROM
cb8e1965-4992-542e-8a52-455b26a628a5,3ef485a2-583b-53e4-8c0d-099804c49542,SOURCED_FROM
4bf7ed1f-a410-55a8-85a2-f2005f84f948,3ef485a2-583b-53e4-8c0d-099804c49542,SOURCED_FROM
6d23d863-9472-5ec7-8361-f9c10cc09f4d,3ef485a2-583b-53e4-8c0d-099804c49542,SOURCED_FROM
0f3e9b6c-1c87-518f-8048-61f477fb4fac,3ef485a2-583b-53e4-8c0d-099804c49542,SOURCED_FROM
9cdb0d8d-5860-5358-87ae-c52a4e6e727d,3ef485a2-583b-53e4-8c0d-099804c49542,SOURCED_FROM
25907265-eda5-544d-8fd5-ab07f5ac916f,3ef485a2-583b-53e4-8c0d-099804c49542,SOURCED_FROM
71b67d88-7e55-5906-88a9-5d5cf4dfbf35,3ef485a2-583b-53e4-8c0d-099804c49542,SOURCED_FROM
1b219980-d241-5820-8827-48086e1d4fae,3ef485a2-583b-53e4-8c0d-099804c49542,SOURCED_FROM
3ef57884-d0a7-56d4-87e7-5da750fd30da,3ef485a2-583b-53e4-8c0d-099804c49542,SOURCED_FROM
c342c7c2-a873-5949-86d8-51b72a081b96,3ef485a2-583b-53e4-8c0d-099804c49542,SOURCED_FROM
2bf6fc37-0dcf-5ed0-86b2-2baeda2a5b89,3ef485a2-583b-53e4-8c0d-099804c49542,SOURCED_FROM
7933d25a-d104-55eb-88da-2f64f240930b,3ef485a2-583b-53e4-8c0d-099804c49542,SOURCED_FROM
6b178c99-810d-5833-8357-59656c3991a2,3ef485a2-583b-53e4-8c0d-099804c49542,SOURCED_FROM
9106d49a-d1c5-5f95-8ff3-ee40ad573597,3ef485a2-583b-53e4-8c0d-099804c49542,SOURCED_FROM
20cfee43-348a-59ed-8603-acc40c05943f,3ef485a2-583b-53e4-8c0d-099804c49542,SOURCED_FROM
8ee75541-f73f-5fe1-816a-30030a465b56,3ef485a2-583b-53e4-8c0d-099804c49542,SOURCED_FROM
47e72301-777a-5994-8321-1b2cbb869424,3ef485a2-583b-53e4-8c0d-099804c49542,SOURCED_FROM
7cf3903a-776d-56a3-896e-efd8f1413af6,3ef485a2-583b-53e4-8c0d-099804c49542,SOURCED_FROM
94672402-a023-56af-8bfe-57cf83496ade,3ef485a2-583b-53e4-8c0d-099804c49542,SOURCED_FROM
d9fd5105-e5b2-5d4f-8f17-9b2777774414,3ef485a2-583b-53e4-8c0d-099804c49542,SOURCED_FROM
651b5c6e-bec5-5962-8738-54e8909555e9,3ef485a2-583b-53e4-8c0d-099804c49542,SOURCED_FROM
d326bc04-b69b-5fc3-8df6-689cb098cc89,3ef485a2-583b-53e4-8c0d-099804c49542,SOURCED_FROM
28e1dc8d-6d3a-5bc9-81fc-133504e44120,3ef485a2-583b-53e4-8c0d-099804c49542,SOURCED_FROM
009956da-a39f-598c-8586-2e46e5fd2991,3ef485a2-583b-53e4-8c0d-099804c49542,SOURCED_FROM
2d9d2eb7-5347-5590-8190-e10172c6e377,3ef485a2-583b-53e4-8c0d-099804c49542,SOURCED_FROM
5a2c90ec-c8ae-508b-8ddc-2d170624e8bd,3ef485a2-583b-53e4-8c0d-099804c49542,SOURCED_FROM
107acefa-bcb2-5ff9-82e4-25cd00807b0b,3ef485a2-583b-53e4-8c0d-099804c49542,SOURCED_FROM
85b31039-7c1e-5108-8b9a-f7516c4470a6,3ef485a2-583b-53e4-8c0d-099804c49542,SOURCED_FROM
25ffcaa1-4fa2-5278-81d5-b8b2d6a000c6,3ef485a2-583b-53e4-8c0d-099804c49542,SOURCED_FROM
6f557698-17d7-5a09-893b-71bfbcb8419e,3ef485a2-583b-53e4-8c0d-099804c49542,SOURCED_FROM
bc20c116-ec39-5bd0-814a-71e8b6981b29,3ef485a2-583b-53e4-8c0d-099804c49542,SOURCED_FROM
7f5edc03-69c7-522a-8680-69eae46f7606,3ef485a2-583b-53e4-8c0d-099804c49542,SOURCED_FROM
aa7908a3-7945-5676-8cb5-e3b4914ac546,3ef485a2-583b-53e4-8c0d-099804c49542,SOURCED_FROM
adf1791b-9c9f-5356-86d0-ec7c91e5c4fd,3ef485a2-583b-53e4-8c0d-099804c49542,SOURCED_FROM
49080d5e-2216-5ce0-8100-8153b4cd8ab1,3ef485a2-583b-53e4-8c0d-099804c49542,SOURCED_FROM
122b75f5-6c23-51e0-8b1d-11e85f2a47da,3ef485a2-583b-53e4-8c0d-099804c49542,SOURCED_FROM
fab060b7-fa7e-5ec1-8dc4-889132d1cc8b,3ef485a2-583b-53e4-8c0d-099804c49542,SOURCED_FROM
b19d6e38-ee3f-5f0f-8fb8-a82d17b578b4,3ef485a2-583b-53e4-8c0d-099804c49542,SOURCED_FROM
b2c4f243-0ecc-5690-859c-be504c697e78,3ef485a2-583b-53e4-8c0d-099804c49542,SOURCED_FROM
295c8df1-8664-5366-8a73-f36a7ec6f3a5,3ef485a2-583b-53e4-8c0d-099804c49542,SOURCED_FROM
884c006b-60f0-57d9-8d87-211a2bf4a802,3ef485a2-583b-53e4-8c0d-099804c49542,SOURCED_FROM
cdb8d625-8e0e-5569-8bea-6c97894b3fc1,3ef485a2-583b-53e4-8c0d-099804c49542,SOURCED_FROM
ea9b10ff-8bd8-576e-8412-4f62be63747a,3ef485a2-583b-53e4-8c0d-099804c49542,SOURCED_FROM
14a28051-47c5-5e8e-8284-427e1ab99b11,3ef485a2-583b-53e4-8c0d-099804c49542,SOURCED_FROM
bdf4e6c7-f16a-5e3a-83e0-3ee415027cb7,3ef485a2-583b-53e4-8c0d-099804c49542,SOURCED_FROM
594b15c2-6c5e-5b3a-81f6-8890e801ee9f,3ef485a2-583b-53e4-8c0d-099804c49542,SOURCED_FROM
b5937c16-0f59-5071-871b-6fe8d0098beb,3ef485a2-583b-53e4-8c0d-099804c49542,SOURCED_FROM
31136c94-e7ea-5c04-8884-b56118cf5a3d,3ef485a2-583b-53e4-8c0d-099804c49542,SOURCED_FROM
6f24c0f2-0bf4-5f86-822a-891ed78102ff,3ef485a2-583b-53e4-8c0d-099804c49542,SOURCED_FROM
fcc19b1d-478f-52c7-8f46-cffc0d8520ab,3ef485a2-583b-53e4-8c0d-099804c49542,SOURCED_FROM
8f56d68a-fcbc-5068-82da-62a3d31c263e,3ef485a2-583b-53e4-8c0d-099804c49542,SOURCED_FROM
681de7b6-1f5b-53ae-82bc-6752b2671110,3ef485a2-583b-53e4-8c0d-099804c49542,SOURCED_FROM
c4aa1c70-a0c2-555e-89c3-5fc7f40c1f38,3ef485a2-583b-53e4-8c0d-099804c49542,SOURCED_FROM
10f55779-060f-5a0a-84b0-b90b4cfc2694,3ef485a2-583b-53e4-8c0d-099804c49542,SOURCED_FROM
79236c33-f509-54c9-8551-5fbd33c020e9,3ef485a2-583b-53e4-8c0d-099804c49542,SOURCED_FROM
e28afc7c-8005-539e-8e38-81b8b7532561,3ef485a2-583b-53e4-8c0d-099804c49542,SOURCED_FROM
142e0d29-8703-57ed-8f77-9b034159a102,3ef485a2-583b-53e4-8c0d-099804c49542,SOURCED_FROM
628192cd-770a-51b8-8339-02b532e45e8e,3ef485a2-583b-53e4-8c0d-099804c49542,SOURCED_FROM
7951da89-0f3b-59d2-86aa-851a3c5d3417,3ef485a2-583b-53e4-8c0d-099804c49542,SOURCED_FROM
af135a71-4f73-584d-8f64-577cef81774d,3ef485a2-583b-53e4-8c0d-099804c49542,SOURCED_FROM
aef09399-60fd-5d2e-8672-19b51f6e3759,3ef485a2-583b-53e4-8c0d-099804c49542,SOURCED_FROM
2d054f99-dce9-5964-8343-bb2ac8016a25,3ef485a2-583b-53e4-8c0d-099804c49542,SOURCED_FROM
65287ebd-9cdc-5558-8813-ed4082ca83c4,3ef485a2-583b-53e4-8c0d-099804c49542,SOURCED_FROM
72cb2346-3af3-5d29-8463-a9f0a550912a,3ef485a2-583b-53e4-8c0d-099804c49542,SOURCED_FROM
87996757-1148-5ffa-84fb-20e98ff60e0f,3ef485a2-583b-53e4-8c0d-099804c49542,SOURCED_FROM
1b892127-6e55-5fbf-86d9-2d2103554e5f,3ef485a2-583b-53e4-8c0d-099804c49542,SOURCED_FROM
c89151ae-1078-5ab1-8ccd-eccb6d472edd,3ef485a2-583b-53e4-8c0d-099804c49542,SOURCED_FROM
52951ad0-cbd3-5226-80eb-4f33acb866c5,3ef485a2-583b-53e4-8c0d-099804c49542,SOURCED_FROM
64920e7a-8a76-5cdd-89fd-e0b59ad9d7cd,3ef485a2-583b-53e4-8c0d-099804c49542,SOURCED_FROM
bd671d82-8ae6-5ef4-8713-e80e0341469a,3ef485a2-583b-53e4-8c0d-099804c49542,SOURCED_FROM
1e7bb365-c1d3-5a83-88ba-09174971b297,3ef485a2-583b-53e4-8c0d-099804c49542,SOURCED_FROM
10cec42f-65f2-5b0d-8395-98d2fd7c2a49,3ef485a2-583b-53e4-8c0d-099804c49542,SOURCED_FROM
3c3152c8-19a1-58a2-8f09-b391b61ce739,3ef485a2-583b-53e4-8c0d-099804c49542,SOURCED_FROM
2b15a1a5-aa22-5100-876d-3679ea6d5c83,3ef485a2-583b-53e4-8c0d-099804c49542,SOURCED_FROM
0963b2a1-ac64-5e58-8f67-32051fe29b05,3ef485a2-583b-53e4-8c0d-099804c49542,SOURCED_FROM
edd5c862-f505-503f-8cb0-ee00c9137e54,3ef485a2-583b-53e4-8c0d-099804c49542,SOURCED_FROM
093c7117-1b59-5d62-8c48-5ec9e0ad63d5,3ef485a2-583b-53e4-8c0d-099804c49542,SOURCED_FROM
7acdac8e-82e9-581c-8a1f-fecd04f1802f,3ef485a2-583b-53e4-8c0d-099804c49542,SOURCED_FROM
077735fa-4b2f-5e18-8778-e51aca5199ac,3ef485a2-583b-53e4-8c0d-099804c49542,SOURCED_FROM
2d7c688a-e437-5560-8d36-40e13a1cd2f0,3ef485a2-583b-53e4-8c0d-099804c49542,SOURCED_FROM
603fafa9-502b-56d8-8949-05662580a424,3ef485a2-583b-53e4-8c0d-099804c49542,SOURCED_FROM
d26d2bf9-1716-5930-8eed-e0fa95dbcca8,3ef485a2-583b-53e4-8c0d-099804c49542,SOURCED_FROM
7471e082-8a2d-59da-8a3c-9ab562af66d3,3ef485a2-583b-53e4-8c0d-099804c49542,SOURCED_FROM
043814c5-cc13-5ebe-8e42-555b345dcb19,3ef485a2-583b-53e4-8c0d-099804c49542,SOURCED_FROM
37fafd2a-addc-5daa-89df-29bcde929ace,3ef485a2-583b-53e4-8c0d-099804c49542,SOURCED_FROM
f7275e53-4d3e-530c-8574-04fd0b134e27,3ef485a2-583b-53e4-8c0d-099804c49542,SOURCED_FROM
ea3ed0d3-00bc-5d22-8483-4595cc561700,3ef485a2-583b-53e4-8c0d-099804c49542,SOURCED_FROM
5eab3d39-0d10-5c91-835f-07682a09f12a,3ef485a2-583b-53e4-8c0d-099804c49542,SOURCED_FROM
e8d64717-51aa-539c-8d7c-4b2b0a8a6912,3ef485a2-583b-53e4-8c0d-099804c49542,SOURCED_FROM
1d5749db-3ca0-5d99-8a64-0e50a9e9adf8,3ef485a2-583b-53e4-8c0d-099804c49542,SOURCED_FROM
7f3ffa54-9346-5719-8764-b4e87fe2a82d,3ef485a2-583b-53e4-8c0d-099804c49542,SOURCED_FROM
710c2cbf-9582-51b0-8613-9bc95ca14fbf,3ef485a2-583b-53e4-8c0d-099804c49542,SOURCED_FROM
2c483dcd-ad24-554f-8e2a-271d821c6445,3ef485a2-583b-53e4-8c0d-099804c49542,SOURCED_FROM
c0ad07c3-c0bc-5f28-8b86-2674e4693ed4,3ef485a2-583b-53e4-8c0d-099804c49542,SOURCED_FROM
571f96d4-bd2a-5d43-82bc-455cc7a83275,3ef485a2-583b-53e4-8c0d-099804c49542,SOURCED_FROM
499460c2-27cd-5721-835c-bd65e08c9c76,3ef485a2-583b-53e4-8c0d-099804c49542,SOURCED_FROM
302f8f36-42f3-5840-8751-90e25a6ed6b7,3ef485a2-583b-53e4-8c0d-099804c49542,SOURCED_FROM
2b37e381-677d-5d38-8ace-17c6a7d57baa,3ef485a2-583b-53e4-8c0d-099804c49542,SOURCED_FROM
77677ed7-fac9-55d5-8d48-0e632bd261f0,3ef485a2-583b-53e4-8c0d-099804c49542,SOURCED_FROM
ce8492d0-423e-54ed-8b36-d98ab4abeab3,3ef485a2-583b-53e4-8c0d-099804c49542,SOURCED_FROM
8e5935fa-e966-546c-89bd-589a100f31c8,3ef485a2-583b-53e4-8c0d-099804c49542,SOURCED_FROM
e747cef2-9f2b-5343-8b96-e47ae243e1f3,3ef485a2-583b-53e4-8c0d-099804c49542,SOURCED_FROM
fda3556b-e72a-5b72-8824-e506d2ccb52d,3ef485a2-583b-53e4-8c0d-099804c49542,SOURCED_FROM
5c06f4df-419f-50a5-8a93-c387752e76b3,3ef485a2-583b-53e4-8c0d-099804c49542,SOURCED_FROM
ab01725b-558a-5212-8369-ea9808660755,3ef485a2-583b-53e4-8c0d-099804c49542,SOURCED_FROM
74ac6f70-ceed-5d5b-84b2-68261e83e3aa,3ef485a2-583b-53e4-8c0d-099804c49542,SOURCED_FROM
4fbdf7f1-a458-57ce-895e-672ef26519c0,3ef485a2-583b-53e4-8c0d-099804c49542,SOURCED_FROM
aa4ca49a-eeab-5f46-8031-db27641492cc,3ef485a2-583b-53e4-8c0d-099804c49542,SOURCED_FROM
3aa012fa-3e03-50b7-875d-ca30f1890fc1,3ef485a2-583b-53e4-8c0d-099804c49542,SOURCED_FROM
ef3a477c-4577-594d-8561-5860a63faad1,3ef485a2-583b-53e4-8c0d-099804c49542,SOURCED_FROM
a66d92a8-6c72-55f4-815f-47a2bb34ca54,3ef485a2-583b-53e4-8c0d-099804c49542,SOURCED_FROM
033a0dd8-b0d4-597b-8125-9b6f02feaa6e,3ef485a2-583b-53e4-8c0d-099804c49542,SOURCED_FROM
baa6277f-0878-5516-8988-14c7953bfcb3,3ef485a2-583b-53e4-8c0d-099804c49542,SOURCED_FROM
e6f083b9-2b66-55e8-83a5-d679094880c6,3ef485a2-583b-53e4-8c0d-099804c49542,SOURCED_FROM
4d71bb29-60b1-542f-8358-aa8e2c1c3d4a,3ef485a2-583b-53e4-8c0d-099804c49542,SOURCED_FROM
18fb19ea-d05b-5c55-8988-0a82e5672660,3ef485a2-583b-53e4-8c0d-099804c49542,SOURCED_FROM
5636ed7f-611f-5643-81f3-c389b7cb6569,3ef485a2-583b-53e4-8c0d-099804c49542,SOURCED_FROM
0374f593-f6a4-5ecb-8a1e-a7ccac5c1fe4,3ef485a2-583b-53e4-8c0d-099804c49542,SOURCED_FROM
68981204-d84e-54cb-819c-64e59fd82758,3ef485a2-583b-53e4-8c0d-099804c49542,SOURCED_FROM
e8aef633-58b4-5fed-823a-6d3369e9c2c0,3ef485a2-583b-53e4-8c0d-099804c49542,SOURCED_FROM
8c7ef1c1-9f38-58ef-8397-b908da61f9b6,3ef485a2-583b-53e4-8c0d-099804c49542,SOURCED_FROM
6af1e3a2-5a75-560b-83e0-9139e1c75cf4,3ef485a2-583b-53e4-8c0d-099804c49542,SOURCED_FROM
3755cf60-63df-5230-892d-830053042377,3ef485a2-583b-53e4-8c0d-099804c49542,SOURCED_FROM
0551f008-833c-5108-87b9-f3add4e32910,3ef485a2-583b-53e4-8c0d-099804c49542,SOURCED_FROM
ad446212-4ceb-5b3f-82e8-6757af09d6ad,3ef485a2-583b-53e4-8c0d-099804c49542,SOURCED_FROM
a7beae3f-722b-5db6-8414-35c8360f8f4d,3ef485a2-583b-53e4-8c0d-099804c49542,SOURCED_FROM
d28d7245-7112-502a-815c-2c0ac4f5416b,3ef485a2-583b-53e4-8c0d-099804c49542,SOURCED_FROM
9390254a-855b-54b8-84dd-c216dcf3ff6c,3ef485a2-583b-53e4-8c0d-099804c49542,SOURCED_FROM
5a325d66-1c41-5fb2-8c9a-4823a6c60750,3ef485a2-583b-53e4-8c0d-099804c49542,SOURCED_FROM
930fbe4a-07bf-5d6a-8fa2-a06cda4a08c1,3ef485a2-583b-53e4-8c0d-099804c49542,SOURCED_FROM
7e085d1d-9276-509f-89e7-cd3945c31eef,3ef485a2-583b-53e4-8c0d-099804c49542,SOURCED_FROM
60cb5ec4-de76-55ef-8cd4-e33c8a8cb850,3ef485a2-583b-53e4-8c0d-099804c49542,SOURCED_FROM
940b6882-1298-5aa6-8932-27bf859fc72c,3ef485a2-583b-53e4-8c0d-099804c49542,SOURCED_FROM
09531c52-f050-5dd9-8253-96272757536a,3ef485a2-583b-53e4-8c0d-099804c49542,SOURCED_FROM
80abc160-e944-56c7-8cf7-78cd5e63946c,3ef485a2-583b-53e4-8c0d-099804c49542,SOURCED_FROM
e0d5b593-25bc-58fa-8b30-0ee631e17d72,3ef485a2-583b-53e4-8c0d-099804c49542,SOURCED_FROM
33207498-b6ad-5b5a-892c-2cd1c4efc216,3ef485a2-583b-53e4-8c0d-099804c49542,SOURCED_FROM
aff1aeb4-f2ca-5464-8997-4fa2be81fdeb,3ef485a2-583b-53e4-8c0d-099804c49542,SOURCED_FROM
e0a84b93-8a2a-59de-87f7-d0501df7ce71,3ef485a2-583b-53e4-8c0d-099804c49542,SOURCED_FROM
970ba487-fd19-562a-8196-3e849148e6ec,3ef485a2-583b-53e4-8c0d-099804c49542,SOURCED_FROM
4c4adb68-1509-5a0a-8fef-784262c53d0f,3ef485a2-583b-53e4-8c0d-099804c49542,SOURCED_FROM
2c9731df-94f0-5279-8d56-11679568728b,3ef485a2-583b-53e4-8c0d-099804c49542,SOURCED_FROM
e24ff643-5b47-51c8-8bdf-b1b26a727df1,3ef485a2-583b-53e4-8c0d-099804c49542,SOURCED_FROM
6850fd1a-6028-5605-8fe1-74e1c8f06b1a,3ef485a2-583b-53e4-8c0d-099804c49542,SOURCED_FROM
205da1f4-88b9-5aeb-8c39-bbe9dbc3626e,3ef485a2-583b-53e4-8c0d-099804c49542,SOURCED_FROM
cdb98838-9ea6-5784-8685-8dc33bedce22,3ef485a2-583b-53e4-8c0d-099804c49542,SOURCED_FROM
84811356-690c-5be6-8b52-26821e29999b,3ef485a2-583b-53e4-8c0d-099804c49542,SOURCED_FROM
8c5dad45-663d-5f6f-858a-01a9a149138c,3ef485a2-583b-53e4-8c0d-099804c49542,SOURCED_FROM
97be2ba9-cff7-58bc-889f-cab307de0e84,3ef485a2-583b-53e4-8c0d-099804c49542,SOURCED_FROM
8792e523-b027-59bc-8bc1-9fd44c6fece3,3ef485a2-583b-53e4-8c0d-099804c49542,SOURCED_FROM
54414e03-e61d-515b-8f93-a2dad1270bd2,3ef485a2-583b-53e4-8c0d-099804c49542,SOURCED_FROM
d96e7cef-12ed-5d79-81ca-fce105869beb,3ef485a2-583b-53e4-8c0d-099804c49542,SOURCED_FROM
3b7129f6-dabe-57a5-8f79-808717b78e30,3ef485a2-583b-53e4-8c0d-099804c49542,SOURCED_FROM
9386393f-9799-55b9-8343-13d2a327300a,3ef485a2-583b-53e4-8c0d-099804c49542,SOURCED_FROM
9fd3feb6-2ae0-5258-8312-28a9a39ede5a,3ef485a2-583b-53e4-8c0d-099804c49542,SOURCED_FROM
8d4e4d56-2132-51ad-8616-eec347f6cb3d,3ef485a2-583b-53e4-8c0d-099804c49542,SOURCED_FROM
89e3b607-2b41-5f7c-8c6d-1765ebafa270,3ef485a2-583b-53e4-8c0d-099804c49542,SOURCED_FROM
cf48e228-2b9a-51b9-8439-2e288f1a54e4,3ef485a2-583b-53e4-8c0d-099804c49542,SOURCED_FROM
5d5cbf73-1fea-5e68-850d-19826b3f712f,3ef485a2-583b-53e4-8c0d-099804c49542,SOURCED_FROM
bbb1207a-6736-51d4-8179-914a4a7463e3,3ef485a2-583b-53e4-8c0d-099804c49542,SOURCED_FROM
108ec837-1842-54c8-898e-83586b2ec304,3ef485a2-583b-53e4-8c0d-099804c49542,SOURCED_FROM
63854453-bfa4-534d-8c61-2e5244954408,3ef485a2-583b-53e4-8c0d-099804c49542,SOURCED_FROM
463b0deb-43dd-5e38-81da-459fdc7978fd,3ef485a2-583b-53e4-8c0d-099804c49542,SOURCED_FROM
66d55844-d488-54fc-84e8-fab286d159d6,3ef485a2-583b-53e4-8c0d-099804c49542,SOURCED_FROM
642b6f16-8712-5bf3-89ba-dfa53edf6a87,3ef485a2-583b-53e4-8c0d-099804c49542,SOURCED_FROM
43146365-4f7f-52d4-8b33-c4d1b94c3340,3ef485a2-583b-53e4-8c0d-099804c49542,SOURCED_FROM
f552a752-f322-5bf6-8158-76eedd74f900,3ef485a2-583b-53e4-8c0d-099804c49542,SOURCED_FROM
aedc7646-ed56-51ef-8a2a-8a82b74228d5,3ef485a2-583b-53e4-8c0d-099804c49542,SOURCED_FROM
e801ac42-858c-5494-8844-bb0db1fc305f,3ef485a2-583b-53e4-8c0d-099804c49542,SOURCED_FROM
544b5dd2-f74e-534b-8a29-a4a66c8b86ad,3ef485a2-583b-53e4-8c0d-099804c49542,SOURCED_FROM
a9b45a9b-0291-55ce-8736-860e4a895e1a,3ef485a2-583b-53e4-8c0d-099804c49542,SOURCED_FROM
3d018ad8-3c6c-529c-8b56-0122f21991d3,3ef485a2-583b-53e4-8c0d-099804c49542,SOURCED_FROM
27f39d88-ab7a-5d88-8332-b02f368efbc6,3ef485a2-583b-53e4-8c0d-099804c49542,SOURCED_FROM
e64fc562-3a89-53dd-839a-b94034dc19fe,3ef485a2-583b-53e4-8c0d-099804c49542,SOURCED_FROM
2029b268-a28e-5e9d-8ba8-d7ea04d1ca94,3ef485a2-583b-53e4-8c0d-099804c49542,SOURCED_FROM
556e85dd-a5ca-531b-8949-b34c90e78168,3ef485a2-583b-53e4-8c0d-099804c49542,SOURCED_FROM
9b6bf3c4-c5ab-5de3-845b-7a13b512d9a7,3ef485a2-583b-53e4-8c0d-099804c49542,SOURCED_FROM
7595dcbf-aa3a-5c4d-844b-a057301ad832,3ef485a2-583b-53e4-8c0d-099804c49542,SOURCED_FROM
db87f24b-7cd1-504d-8b38-ac0aa9606f0a,3ef485a2-583b-53e4-8c0d-099804c49542,SOURCED_FROM
f49944aa-6796-524a-8cad-0d91fa2f689f,3ef485a2-583b-53e4-8c0d-099804c49542,SOURCED_FROM
3a44c6a0-9f76-5a31-8565-09e3af78d017,3ef485a2-583b-53e4-8c0d-099804c49542,SOURCED_FROM
f902d708-a398-5429-8b36-dc7024955df5,3ef485a2-583b-53e4-8c0d-099804c49542,SOURCED_FROM
ad110e34-47ed-51be-8993-cd1bdee2c5c4,3ef485a2-583b-53e4-8c0d-099804c49542,SOURCED_FROM
e6a948de-c7c8-51bc-809c-9c3c43a6023f,3ef485a2-583b-53e4-8c0d-099804c49542,SOURCED_FROM
9bef8c58-85a3-53e3-8645-72dc0b6e5946,3ef485a2-583b-53e4-8c0d-099804c49542,SOURCED_FROM
a45faf55-cd93-5653-8dd1-558fd5c1ff09,3ef485a2-583b-53e4-8c0d-099804c49542,SOURCED_FROM
39c60d41-612a-5b66-8da3-0769edfb5589,3ef485a2-583b-53e4-8c0d-099804c49542,SOURCED_FROM
04f4cab8-0f1f-5887-8802-651bf035fb73,3ef485a2-583b-53e4-8c0d-099804c49542,SOURCED_FROM
df372f3c-f6bc-5d63-8924-0a855e29fe8b,3ef485a2-583b-53e4-8c0d-099804c49542,SOURCED_FROM
ebfd6c88-7d59-5845-87ed-72321e3f150d,3ef485a2-583b-53e4-8c0d-099804c49542,SOURCED_FROM
71481ec4-a3b5-5c0c-8c61-c41ea2ee76eb,3ef485a2-583b-53e4-8c0d-099804c49542,SOURCED_FROM
935170e5-a485-57e3-821d-4dd3c3df482f,3ef485a2-583b-53e4-8c0d-099804c49542,SOURCED_FROM
15cee9ad-4fc7-5776-8b32-e6445d57b058,3ef485a2-583b-53e4-8c0d-099804c49542,SOURCED_FROM
f8bc7a6f-15ac-58bd-88d2-6bb389e2c769,3ef485a2-583b-53e4-8c0d-099804c49542,SOURCED_FROM
4243d0d2-d7ee-513f-8f54-063b8a98c06b,3ef485a2-583b-53e4-8c0d-099804c49542,SOURCED_FROM
33903669-3298-5b54-8462-bb96b32a29a0,3ef485a2-583b-53e4-8c0d-099804c49542,SOURCED_FROM
e21ebdcd-b7fd-5039-881a-2a0283e80e8d,3ef485a2-583b-53e4-8c0d-099804c49542,SOURCED_FROM
e3562e02-91c0-5a81-89a5-864fe5024174,3ef485a2-583b-53e4-8c0d-099804c49542,SOURCED_FROM
01f2bfa6-ce00-5d92-85ed-55458fce2af4,3ef485a2-583b-53e4-8c0d-099804c49542,SOURCED_FROM
a1ca92fa-6f42-5875-81fc-a9df76d03337,3ef485a2-583b-53e4-8c0d-099804c49542,SOURCED_FROM
1d7a112b-4203-58b4-821f-88924246e109,3ef485a2-583b-53e4-8c0d-099804c49542,SOURCED_FROM
b9d313ab-17fe-54cf-846f-a7f19318b2a8,3ef485a2-583b-53e4-8c0d-099804c49542,SOURCED_FROM
9ea18309-17fc-5ef8-8ea6-738c35c8fe98,3ef485a2-583b-53e4-8c0d-099804c49542,SOURCED_FROM
5549853d-c458-52b0-8dd7-3402928d2c53,3ef485a2-583b-53e4-8c0d-099804c49542,SOURCED_FROM
3cc43279-ac2a-52c5-870f-b5d55770b44e,3ef485a2-583b-53e4-8c0d-099804c49542,SOURCED_FROM
8d2e0703-ed5a-5a88-8639-9d49d58ec6b5,3ef485a2-583b-53e4-8c0d-099804c49542,SOURCED_FROM
fe20a7a4-508c-50b4-8946-ee5600cd11af,3ef485a2-583b-53e4-8c0d-099804c49542,SOURCED_FROM
f6c4b057-4763-5195-8ebe-16984a3da2c1,3ef485a2-583b-53e4-8c0d-099804c49542,SOURCED_FROM
ee7b39f7-ab70-5ab0-80fb-c914a4090eb6,3ef485a2-583b-53e4-8c0d-099804c49542,SOURCED_FROM
8817ec2f-c51d-502c-8863-151aaf584988,3ef485a2-583b-53e4-8c0d-099804c49542,SOURCED_FROM
c02986d3-20d3-5cfd-849d-b71585b5004f,3ef485a2-583b-53e4-8c0d-099804c49542,SOURCED_FROM
4446edfc-216a-5ae7-8a91-78d5e76c34eb,3ef485a2-583b-53e4-8c0d-099804c49542,SOURCED_FROM
911d4949-f999-55d4-80dc-dcf090a4b2cf,3ef485a2-583b-53e4-8c0d-099804c49542,SOURCED_FROM
4a9a04a8-aaec-51aa-8b12-0ee4c586fa60,3ef485a2-583b-53e4-8c0d-099804c49542,SOURCED_FROM
f9e3a6f9-c24c-528f-8ff9-51a4421afc74,3ef485a2-583b-53e4-8c0d-099804c49542,SOURCED_FROM
01bf558e-c487-57d7-843b-29356f146353,3ef485a2-583b-53e4-8c0d-099804c49542,SOURCED_FROM
794aeceb-1084-5442-8db1-a2aea6b88bc5,3ef485a2-583b-53e4-8c0d-099804c49542,SOURCED_FROM
1ffc01df-7bd9-5714-83be-a0e6e97785c2,3ef485a2-583b-53e4-8c0d-099804c49542,SOURCED_FROM
d40594d3-9187-5e3e-8265-58baba7eadc4,3ef485a2-583b-53e4-8c0d-099804c49542,SOURCED_FROM
e8e4e409-639d-50fa-8445-65d552d29f37,3ef485a2-583b-53e4-8c0d-099804c49542,SOURCED_FROM
af7388ff-a54f-551c-827a-5b6c5dcafccc,3ef485a2-583b-53e4-8c0d-099804c49542,SOURCED_FROM
79354fbf-45b9-56fa-81d6-9237503101c9,3ef485a2-583b-53e4-8c0d-099804c49542,SOURCED_FROM
132d2fc1-f580-54e0-8439-b877be4b9ace,3ef485a2-583b-53e4-8c0d-099804c49542,SOURCED_FROM
70d751d4-b630-54e4-8e18-2d8a33ad8208,3ef485a2-583b-53e4-8c0d-099804c49542,SOURCED_FROM
7abbbae9-0840-578c-8de0-97fe6250b200,3ef485a2-583b-53e4-8c0d-099804c49542,SOURCED_FROM
9fb7041d-f455-588c-83e6-79cdde323012,3ef485a2-583b-53e4-8c0d-099804c49542,SOURCED_FROM
1a089575-4d18-5401-892a-2effad5df9ee,3ef485a2-583b-53e4-8c0d-099804c49542,SOURCED_FROM
33a863ee-6ec3-54d3-8bb4-97e6b8151007,3ef485a2-583b-53e4-8c0d-099804c49542,SOURCED_FROM
cc645ed3-4bc0-511f-89b6-d319ef6cd330,3ef485a2-583b-53e4-8c0d-099804c49542,SOURCED_FROM
8e1535dc-7ce4-5492-8970-0dfcd1a26909,3ef485a2-583b-53e4-8c0d-099804c49542,SOURCED_FROM
4d755dfd-e11c-518b-808e-f8399e5a069b,3ef485a2-583b-53e4-8c0d-099804c49542,SOURCED_FROM
a25921a1-492f-5a9b-8e55-17b63d66586c,3ef485a2-583b-53e4-8c0d-099804c49542,SOURCED_FROM
b191dd96-7a0e-5561-8538-864f0ecbacef,3ef485a2-583b-53e4-8c0d-099804c49542,SOURCED_FROM
9317b2bb-56c0-52be-8337-86ffbc5185e9,3ef485a2-583b-53e4-8c0d-099804c49542,SOURCED_FROM
0c10cbda-bec2-50c1-8a4e-c7cb2df448bf,3ef485a2-583b-53e4-8c0d-099804c49542,SOURCED_FROM
3e3781f7-896f-5e27-8356-d6299e801fd0,3ef485a2-583b-53e4-8c0d-099804c49542,SOURCED_FROM
e90e272d-5daf-5d04-8b3c-04d747bb718b,3ef485a2-583b-53e4-8c0d-099804c49542,SOURCED_FROM
904750f7-f65c-51a6-83ea-bcee8e13f56a,3ef485a2-583b-53e4-8c0d-099804c49542,SOURCED_FROM
371bc25f-3851-5ec7-83c7-261e43779f30,3ef485a2-583b-53e4-8c0d-099804c49542,SOURCED_FROM
311be0d0-93b0-5779-83b0-0939871bb744,3ef485a2-583b-53e4-8c0d-099804c49542,SOURCED_FROM
86564579-efa0-57b9-81b7-852318bce1d0,3ef485a2-583b-53e4-8c0d-099804c49542,SOURCED_FROM
fad0db6e-2dc1-5b8c-859e-050c2f587b80,3ef485a2-583b-53e4-8c0d-099804c49542,SOURCED_FROM
1c65e15a-61f5-550d-8bca-8ee04c9a239a,3ef485a2-583b-53e4-8c0d-099804c49542,SOURCED_FROM
34da503c-c58b-527f-8d5b-5a8cc714952b,3ef485a2-583b-53e4-8c0d-099804c49542,SOURCED_FROM
8861b41d-4c9d-55f5-8e73-3e9ad941a400,3ef485a2-583b-53e4-8c0d-099804c49542,SOURCED_FROM
34b8f0af-1a5b-5d36-8568-8390551ca001,3ef485a2-583b-53e4-8c0d-099804c49542,SOURCED_FROM
144ed838-008e-52ad-8d84-d50f1797cfef,3ef485a2-583b-53e4-8c0d-099804c49542,SOURCED_FROM
b0a68600-1665-5363-8535-e5710309379d,3ef485a2-583b-53e4-8c0d-099804c49542,SOURCED_FROM
519c8015-6830-52ce-8ca4-07980ea1240e,3ef485a2-583b-53e4-8c0d-099804c49542,SOURCED_FROM
88da628f-4702-518d-8881-455a91c7891b,3ef485a2-583b-53e4-8c0d-099804c49542,SOURCED_FROM
23bc324f-97fd-5943-87cd-503b483bbc45,3ef485a2-583b-53e4-8c0d-099804c49542,SOURCED_FROM
d3f25f86-55f1-5242-83bd-fbc05dcdb4a0,3ef485a2-583b-53e4-8c0d-099804c49542,SOURCED_FROM
61163dff-d248-5de6-8e69-1293d8715ce6,3ef485a2-583b-53e4-8c0d-099804c49542,SOURCED_FROM
464a1c62-50fb-5ce4-83a5-88ddb877910e,3ef485a2-583b-53e4-8c0d-099804c49542,SOURCED_FROM
be397889-ea1f-5c5e-8a66-393834b2cb7c,3ef485a2-583b-53e4-8c0d-099804c49542,SOURCED_FROM
83ce05e3-1e81-574a-8b6b-37659c3178a5,3ef485a2-583b-53e4-8c0d-099804c49542,SOURCED_FROM
76729834-4357-59ef-805d-8b2a44d5bc92,3ef485a2-583b-53e4-8c0d-099804c49542,SOURCED_FROM
b8637d66-d477-51e4-8f3f-55d64b04fd6e,3ef485a2-583b-53e4-8c0d-099804c49542,SOURCED_FROM
a9ed24ee-6deb-5eb1-827f-cced3e61d02d,3ef485a2-583b-53e4-8c0d-099804c49542,SOURCED_FROM
d3c6e5e3-af6d-57ee-8878-cd7c6004f150,3ef485a2-583b-53e4-8c0d-099804c49542,SOURCED_FROM
b7ab81c9-96a6-5d5a-8ad2-30723805b766,3ef485a2-583b-53e4-8c0d-099804c49542,SOURCED_FROM
80194499-b4c1-5ebb-8325-0b7ddb495dc0,3ef485a2-583b-53e4-8c0d-099804c49542,SOURCED_FROM
23a380ad-d766-5de0-809f-21c85246803a,3ef485a2-583b-53e4-8c0d-099804c49542,SOURCED_FROM
da47f955-e86e-5357-8145-6eac8fdf5167,3ef485a2-583b-53e4-8c0d-099804c49542,SOURCED_FROM
45cf7a9f-a1ef-5bf7-8cc4-5c6cab3216e3,3ef485a2-583b-53e4-8c0d-099804c49542,SOURCED_FROM
70eca604-01bf-5a74-85b4-4b8ea12e80bb,3ef485a2-583b-53e4-8c0d-099804c49542,SOURCED_FROM
cb8afc00-4d0f-522f-82b5-8c81af6d2452,3ef485a2-583b-53e4-8c0d-099804c49542,SOURCED_FROM
c6eb26d7-f139-5380-89be-58c6e0c58bba,3ef485a2-583b-53e4-8c0d-099804c49542,SOURCED_FROM
43f35dda-5d3d-5f89-8cfc-2e210f8a1361,3ef485a2-583b-53e4-8c0d-099804c49542,SOURCED_FROM
27e3d08d-a26b-5411-8100-a6ba2f40ebfd,3ef485a2-583b-53e4-8c0d-099804c49542,SOURCED_FROM
97387e28-4e8d-54b5-8150-3bf988b970d8,3ef485a2-583b-53e4-8c0d-099804c49542,SOURCED_FROM
0034909b-eadb-5fc3-8d0a-6c60ac03b169,3ef485a2-583b-53e4-8c0d-099804c49542,SOURCED_FROM
8893f090-0a85-589c-872d-21702eabbfaf,3ef485a2-583b-53e4-8c0d-099804c49542,SOURCED_FROM
c2c3f837-4786-50c6-8ac2-07224ce26df0,3ef485a2-583b-53e4-8c0d-099804c49542,SOURCED_FROM
ae4426c8-d311-53d2-8981-0e13f4a3de16,3ef485a2-583b-53e4-8c0d-099804c49542,SOURCED_FROM
3d89a8e3-d989-58d3-8652-a09627c45008,3ef485a2-583b-53e4-8c0d-099804c49542,SOURCED_FROM
ff63db7b-c34a-5d01-8f18-a89f0268a181,3ef485a2-583b-53e4-8c0d-099804c49542,SOURCED_FROM
fa58d037-6ec9-54f2-8777-7d4b546e3d48,3ef485a2-583b-53e4-8c0d-099804c49542,SOURCED_FROM
4e507576-242d-5f07-8d69-07adfe51912f,3ef485a2-583b-53e4-8c0d-099804c49542,SOURCED_FROM
4fd1d125-7847-5d98-831c-08333f304750,3ef485a2-583b-53e4-8c0d-099804c49542,SOURCED_FROM
c6d2f104-9a70-5e6d-8a80-da563592d783,3ef485a2-583b-53e4-8c0d-099804c49542,SOURCED_FROM
30775eb2-81aa-50dd-8029-ebeeb7c610a2,3ef485a2-583b-53e4-8c0d-099804c49542,SOURCED_FROM
f0914fbf-9592-54b7-8175-446f08df568d,3ef485a2-583b-53e4-8c0d-099804c49542,SOURCED_FROM
2bc19780-a900-59fb-8dd1-9120c164d6cd,3ef485a2-583b-53e4-8c0d-099804c49542,SOURCED_FROM
79f0dfd0-b073-5f17-81d6-bcc115119cd9,3ef485a2-583b-53e4-8c0d-099804c49542,SOURCED_FROM
b559c655-5cea-58f1-85f5-93328e6eaf4a,3ef485a2-583b-53e4-8c0d-099804c49542,SOURCED_FROM
58f50f04-3486-58c8-87e4-6371e0ffc77f,3ef485a2-583b-53e4-8c0d-099804c49542,SOURCED_FROM
abee5f9d-7d3a-5ac2-8ecd-105aca3183ec,3ef485a2-583b-53e4-8c0d-099804c49542,SOURCED_FROM
4f60f4d8-82cc-5bd8-8386-a6f0e9c1607f,3ef485a2-583b-53e4-8c0d-099804c49542,SOURCED_FROM
0a34095c-6915-5c25-886a-9b7a368173be,3ef485a2-583b-53e4-8c0d-099804c49542,SOURCED_FROM
79d07c25-007b-5625-877d-2627636caecf,3ef485a2-583b-53e4-8c0d-099804c49542,SOURCED_FROM
f5ee3930-9fa0-56a8-81c2-01e913900bb1,3ef485a2-583b-53e4-8c0d-099804c49542,SOURCED_FROM
32e3141b-c71b-5646-8802-f1933d74d90e,3ef485a2-583b-53e4-8c0d-099804c49542,SOURCED_FROM
dd6626a9-ef31-53ef-8591-444733478880,3ef485a2-583b-53e4-8c0d-099804c49542,SOURCED_FROM
dc47f685-d2ca-5c66-8737-f11cc31dd7c9,3ef485a2-583b-53e4-8c0d-099804c49542,SOURCED_FROM
c3da0296-de39-52ec-8756-8aad50cceece,3ef485a2-583b-53e4-8c0d-099804c49542,SOURCED_FROM
cf0cda49-41a5-557a-8a9c-d4936c531a43,3ef485a2-583b-53e4-8c0d-099804c49542,SOURCED_FROM
b67bb523-70ba-5ab0-8345-2f1bcf8ace61,3ef485a2-583b-53e4-8c0d-099804c49542,SOURCED_FROM
9ff9fedf-c685-596e-87b8-d497915f5273,3ef485a2-583b-53e4-8c0d-099804c49542,SOURCED_FROM
edd88705-949e-5f25-8aed-5045285ca6ea,3ef485a2-583b-53e4-8c0d-099804c49542,SOURCED_FROM
0356f5ae-926e-5a2c-8df3-98305290b09b,3ef485a2-583b-53e4-8c0d-099804c49542,SOURCED_FROM
73976f39-d386-5f80-8413-680a76a41731,3ef485a2-583b-53e4-8c0d-099804c49542,SOURCED_FROM
5c63dc0a-5cbf-5ae5-8c3a-bbe5ff1e2863,3ef485a2-583b-53e4-8c0d-099804c49542,SOURCED_FROM
9629d654-6e28-5ab2-8e38-2672e61a27f3,3ef485a2-583b-53e4-8c0d-099804c49542,SOURCED_FROM
39e6fc9b-9d6b-5ef6-876e-22c778b094dc,3ef485a2-583b-53e4-8c0d-099804c49542,SOURCED_FROM
e5adbcd4-a882-5ea2-80f4-bc750f58cdeb,3ef485a2-583b-53e4-8c0d-099804c49542,SOURCED_FROM
cf167c1d-6713-5abe-8bab-4a354b25c64a,3ef485a2-583b-53e4-8c0d-099804c49542,SOURCED_FROM
2dd377e1-b81b-5a69-804c-bb71c64f3eea,3ef485a2-583b-53e4-8c0d-099804c49542,SOURCED_FROM
9597df0e-4492-52a7-88ee-8c7e870ecaeb,3ef485a2-583b-53e4-8c0d-099804c49542,SOURCED_FROM
af91867c-4578-5c0a-85a6-7844019bb2d9,3ef485a2-583b-53e4-8c0d-099804c49542,SOURCED_FROM
dbf57fd8-ebd4-582a-8a94-0e3a99440460,3ef485a2-583b-53e4-8c0d-099804c49542,SOURCED_FROM
946c24cb-c0d2-5347-872e-8377b01620e5,3ef485a2-583b-53e4-8c0d-099804c49542,SOURCED_FROM
d69431e5-35d5-5f6a-80ec-019528261d7d,3ef485a2-583b-53e4-8c0d-099804c49542,SOURCED_FROM
36e8aadc-685c-5713-8b25-46c366c848c9,3ef485a2-583b-53e4-8c0d-099804c49542,SOURCED_FROM
f4836b4c-6c45-5ed3-867b-34631e035ca0,3ef485a2-583b-53e4-8c0d-099804c49542,SOURCED_FROM
15745851-36cd-53c0-81d7-b6c59936fd0c,3ef485a2-583b-53e4-8c0d-099804c49542,SOURCED_FROM
b4f9b36e-ff17-5aff-8eea-51311501d141,3ef485a2-583b-53e4-8c0d-099804c49542,SOURCED_FROM
4b3b46df-1a6d-5a11-8a1b-c064b2fc375b,3ef485a2-583b-53e4-8c0d-099804c49542,SOURCED_FROM
692914b3-55c0-5daa-8d07-c69a94ccfbfc,3ef485a2-583b-53e4-8c0d-099804c49542,SOURCED_FROM
01fef8b2-45e5-5888-82ca-c85739983600,3ef485a2-583b-53e4-8c0d-099804c49542,SOURCED_FROM
a23e00bf-889e-55c1-80bb-18569562dc81,3ef485a2-583b-53e4-8c0d-099804c49542,SOURCED_FROM
b8960ab6-da98-5115-814b-7f4a15498851,3ef485a2-583b-53e4-8c0d-099804c49542,SOURCED_FROM
7c983a85-641b-5988-8b35-30a929296b45,3ef485a2-583b-53e4-8c0d-099804c49542,SOURCED_FROM
18ed6e0f-e535-5717-8ae1-d549919ab76b,3ef485a2-583b-53e4-8c0d-099804c49542,SOURCED_FROM
be5e6d30-f411-5079-8d20-18914ad2447e,3ef485a2-583b-53e4-8c0d-099804c49542,SOURCED_FROM
493b4d69-3ce2-5322-8e97-7c8cb13f13ea,3ef485a2-583b-53e4-8c0d-099804c49542,SOURCED_FROM
bf306bc0-1b5c-5e2e-807c-988e8589f79c,3ef485a2-583b-53e4-8c0d-099804c49542,SOURCED_FROM
e6bbb4c1-0d28-557b-8ebe-05bdd97cafd8,3ef485a2-583b-53e4-8c0d-099804c49542,SOURCED_FROM
21653519-827f-52e2-8407-4931013b20ea,3ef485a2-583b-53e4-8c0d-099804c49542,SOURCED_FROM
9335922d-b672-5226-8fc9-069a000b2675,3ef485a2-583b-53e4-8c0d-099804c49542,SOURCED_FROM
8a8cf4cf-0d93-5e8c-8b5f-712bbde57e2e,3ef485a2-583b-53e4-8c0d-099804c49542,SOURCED_FROM
2a69179a-95d4-56fb-8a86-c7e63a21674b,3ef485a2-583b-53e4-8c0d-099804c49542,SOURCED_FROM
d3896f43-cbc6-5a7a-8fc6-aa39b7552fa1,3ef485a2-583b-53e4-8c0d-099804c49542,SOURCED_FROM
85f589a9-0e90-5e41-8c24-f9adc5fef406,3ef485a2-583b-53e4-8c0d-099804c49542,SOURCED_FROM
354a8396-adf9-55d6-85c7-b44608671988,3ef485a2-583b-53e4-8c0d-099804c49542,SOURCED_FROM
15e5f1bc-d40c-5ffe-82aa-b21450adf1e0,3ef485a2-583b-53e4-8c0d-099804c49542,SOURCED_FROM
2004b800-2da4-5d73-81e0-b1ada71d058a,3ef485a2-583b-53e4-8c0d-099804c49542,SOURCED_FROM
88bf8a0d-55d0-56b0-8477-5b79809b3310,3ef485a2-583b-53e4-8c0d-099804c49542,SOURCED_FROM
5a618b6b-3d70-5618-8afa-19cd35aff526,3ef485a2-583b-53e4-8c0d-099804c49542,SOURCED_FROM
eebd645c-79ce-52ec-8beb-917b282dfee1,3ef485a2-583b-53e4-8c0d-099804c49542,SOURCED_FROM
e883d8bd-f1c0-59f7-8665-2a58b83cf59e,3ef485a2-583b-53e4-8c0d-099804c49542,SOURCED_FROM
981b5fbe-38a0-5c78-81f3-7cb206395269,3ef485a2-583b-53e4-8c0d-099804c49542,SOURCED_FROM
b38a29a5-7f75-558a-8bd3-53a3826b3e31,3ef485a2-583b-53e4-8c0d-099804c49542,SOURCED_FROM
c25dd9b8-d0a6-5d57-8733-cd55839d2ee1,3ef485a2-583b-53e4-8c0d-099804c49542,SOURCED_FROM
568c2621-6ccb-50cb-87df-d488c1c3846d,3ef485a2-583b-53e4-8c0d-099804c49542,SOURCED_FROM
2ea702f3-9be7-5c0c-88cd-86be59c73a67,3ef485a2-583b-53e4-8c0d-099804c49542,SOURCED_FROM
ac484975-da94-5c02-8e44-093982ccce2f,3ef485a2-583b-53e4-8c0d-099804c49542,SOURCED_FROM
db4ecdc3-b8cf-5ee2-89d2-18575f573465,3ef485a2-583b-53e4-8c0d-099804c49542,SOURCED_FROM
dba69c0f-c53f-53c9-8eb0-38a5cd45c816,3ef485a2-583b-53e4-8c0d-099804c49542,SOURCED_FROM
bb54e2af-248a-5172-88f6-3a732b660a22,3ef485a2-583b-53e4-8c0d-099804c49542,SOURCED_FROM
fbda84cc-3829-5960-823e-ea4829dad49d,3ef485a2-583b-53e4-8c0d-099804c49542,SOURCED_FROM
3adc350b-61ad-5b24-840a-18e3ca8256ef,3ef485a2-583b-53e4-8c0d-099804c49542,SOURCED_FROM
a565e111-8bf8-574e-825b-6b2a1d39a393,3ef485a2-583b-53e4-8c0d-099804c49542,SOURCED_FROM
b201174b-6008-5a7f-8c93-d8bcc70441bf,3ef485a2-583b-53e4-8c0d-099804c49542,SOURCED_FROM
c2595a9a-ed0e-5f4d-8ee0-5b4baed5ccca,3ef485a2-583b-53e4-8c0d-099804c49542,SOURCED_FROM
20d5afe9-b168-5add-8640-8b56563748b8,3ef485a2-583b-53e4-8c0d-099804c49542,SOURCED_FROM
2fe5bfa1-3f43-5343-89aa-0be7b4674d4c,3ef485a2-583b-53e4-8c0d-099804c49542,SOURCED_FROM
56febdef-6c0d-57cc-874a-758b737ca222,3ef485a2-583b-53e4-8c0d-099804c49542,SOURCED_FROM
8c200660-350b-5467-804f-b7b34436129c,3ef485a2-583b-53e4-8c0d-099804c49542,SOURCED_FROM
e07ea4c5-3b68-5cf2-89fd-0d6f751f40e1,3ef485a2-583b-53e4-8c0d-099804c49542,SOURCED_FROM
3aa2957a-5107-5d72-84db-a27e827954ab,3ef485a2-583b-53e4-8c0d-099804c49542,SOURCED_FROM
1de3c44b-9bcc-5e0c-8441-ac1a63989d06,3ef485a2-583b-53e4-8c0d-099804c49542,SOURCED_FROM
038c40f1-31bf-5638-8407-edcb951bc281,3ef485a2-583b-53e4-8c0d-099804c49542,SOURCED_FROM
0610b268-9333-5eed-8e72-6adc15cda454,3ef485a2-583b-53e4-8c0d-099804c49542,SOURCED_FROM
b396bc3d-9309-58e5-87a3-76ceb05c9309,3ef485a2-583b-53e4-8c0d-099804c49542,SOURCED_FROM
8b94ad45-f852-54e8-8caa-832b14a63799,3ef485a2-583b-53e4-8c0d-099804c49542,SOURCED_FROM
e5c784a2-2bcf-539a-8ce6-bbf9c6dce36b,3ef485a2-583b-53e4-8c0d-099804c49542,SOURCED_FROM
06f5ae3c-1aee-54ba-82d0-d1ee202cb9cf,3ef485a2-583b-53e4-8c0d-099804c49542,SOURCED_FROM
94d9adac-bbeb-591d-87e4-f8d002b49c82,3ef485a2-583b-53e4-8c0d-099804c49542,SOURCED_FROM
f843a4c9-66e9-5f6d-8fcd-0b3c89950220,3ef485a2-583b-53e4-8c0d-099804c49542,SOURCED_FROM
22af5161-430d-5500-8d6f-079db01a7d7d,3ef485a2-583b-53e4-8c0d-099804c49542,SOURCED_FROM
c092370f-1bb5-541f-8f97-41557cbfcaf4,3ef485a2-583b-53e4-8c0d-099804c49542,SOURCED_FROM
c874985b-7594-5b66-8ac7-5bfd8a2e965e,3ef485a2-583b-53e4-8c0d-099804c49542,SOURCED_FROM
e1f0ab62-3f33-53e8-8a22-89b275de5a27,3ef485a2-583b-53e4-8c0d-099804c49542,SOURCED_FROM
9ba6b35a-34be-52a6-88a9-064623edf281,3ef485a2-583b-53e4-8c0d-099804c49542,SOURCED_FROM
59ab0e55-9c43-59fc-8160-9156857b27bb,3ef485a2-583b-53e4-8c0d-099804c49542,SOURCED_FROM
2ef98751-1fc2-5ed9-8780-750a3fc946de,3ef485a2-583b-53e4-8c0d-099804c49542,SOURCED_FROM
50ffef5b-d6e6-5a12-879a-fc4a2cc25914,3ef485a2-583b-53e4-8c0d-099804c49542,SOURCED_FROM
66d07337-bf9e-503b-84d0-d9378957c238,3ef485a2-583b-53e4-8c0d-099804c49542,SOURCED_FROM
bec85ace-2069-5551-8b27-d4ec8d15a747,3ef485a2-583b-53e4-8c0d-099804c49542,SOURCED_FROM
b934973b-7018-5a87-8ee9-45465da31c2a,3ef485a2-583b-53e4-8c0d-099804c49542,SOURCED_FROM
7b22c925-1d2d-53ad-8926-e7a755315bd6,3ef485a2-583b-53e4-8c0d-099804c49542,SOURCED_FROM
b3ee89a0-3f23-5c4b-81fa-40bf0e2148d1,3ef485a2-583b-53e4-8c0d-099804c49542,SOURCED_FROM
82ff0e23-259f-53c9-81c8-a329a9d03e4b,3ef485a2-583b-53e4-8c0d-099804c49542,SOURCED_FROM
dfd5311b-7a81-5ede-8f0b-27e08448641b,3ef485a2-583b-53e4-8c0d-099804c49542,SOURCED_FROM
faa2c1d1-cd33-505e-84ce-79e4f38f6d7c,3ef485a2-583b-53e4-8c0d-099804c49542,SOURCED_FROM
b13a91cb-2d4c-54ab-8d9b-8777306f8421,3ef485a2-583b-53e4-8c0d-099804c49542,SOURCED_FROM
45ae8129-8b9e-5ae0-8c18-e29dce013c0b,3ef485a2-583b-53e4-8c0d-099804c49542,SOURCED_FROM
ad897e6c-38a2-5ce3-8961-e915383fb827,3ef485a2-583b-53e4-8c0d-099804c49542,SOURCED_FROM
20d66dc3-767c-5aed-8057-dd5dce38a23f,3ef485a2-583b-53e4-8c0d-099804c49542,SOURCED_FROM
f3e5da8c-b13e-5e4a-8ffc-9a6a94fe5695,3ef485a2-583b-53e4-8c0d-099804c49542,SOURCED_FROM
e2d8ef42-5c77-55a6-8e7d-f2f72b44fa36,3ef485a2-583b-53e4-8c0d-099804c49542,SOURCED_FROM
55625c7a-243e-55f7-873f-c8f4d3be1c1b,3ef485a2-583b-53e4-8c0d-099804c49542,SOURCED_FROM
71f75f43-f62b-5149-8f40-fd00036838c9,3ef485a2-583b-53e4-8c0d-099804c49542,SOURCED_FROM
400b54fb-bd6b-5e2a-85df-b71d2248f07e,3ef485a2-583b-53e4-8c0d-099804c49542,SOURCED_FROM
6d61f8d2-8aad-5264-835f-b4b57ab6b79b,3ef485a2-583b-53e4-8c0d-099804c49542,SOURCED_FROM
44d170f0-bc4f-565a-8ef3-328faa573edc,3ef485a2-583b-53e4-8c0d-099804c49542,SOURCED_FROM
b7d0eb60-1f4a-56e5-81ab-66852e2689ee,3ef485a2-583b-53e4-8c0d-099804c49542,SOURCED_FROM
f2efe70d-b13e-55f9-8cfa-8ca22ba27e10,3ef485a2-583b-53e4-8c0d-099804c49542,SOURCED_FROM
95225250-d4a4-5c57-8aff-7d3dbd059939,3ef485a2-583b-53e4-8c0d-099804c49542,SOURCED_FROM
ea719653-5f75-52ed-8483-bd7f19f017df,3ef485a2-583b-53e4-8c0d-099804c49542,SOURCED_FROM
3e19d4e9-3b8c-56a9-8b2a-16a2e4d6ff2d,3ef485a2-583b-53e4-8c0d-099804c49542,SOURCED_FROM
